product_number;product_name;discount_price;price
630;Brick Separator;1180.04;0
41946;Extra DOTS – Series 6;9.4;0
41958;Extra DOTS Series 7 - SPORT;18.1;0
71032;Series 22;29.0;0
71033;The Muppets;29.0;0
71034;tbd-Minifigures-Series-23-2022;289.0;0
71402;Character Packs – Series 4;42.14;0
11006;Creative Blue Bricks;19.1;25.0
11012;Creative White Bricks;26.35;0
41963;Mickey Mouse & Minnie Mouse Stitch-on Patch;21.91;0
41942;Into the Deep Bracelets with Charms;47.92;0
41943;Gamer Bracelet with Charms;29.15;0
41953;Rainbow Bracelet with Charms;26.2;29.0
41954;Adhesive Patch;27.62;0
41955;Stitch-on Patch;26.35;0
60296;Wheelie Stunt Bike;23.0;0
60297;Demolition Stunt Bike;35.0;0
60298;Rocket Stunt Bike;44.65;0
60309;Selfie Stunt Bike;29.0;0
60310;Chicken Stunt Bike;27.62;0
60311;Fire Stunt Bike;35.0;0
60331;Touring Stunt Bike;27.75;0
60332;Reckless Scorpion Stunt Bike;24.01;29.0
60333;Bathtub Stunt Bike;78.8;0
71410;tbd-LEAF-15-2022;29.0;0
11017;Creative Monsters;32.0;35.0
11023;Green Baseplate;35.0;0
11025;Blue Baseplate;30.87;35.0
11026;White Baseplate;35.0;0
31111;Cyber Drone;37.24;60.0
31124;Super Robot;33.33;0
31128;Dolphin and Turtle;32.0;35.0
60312;Police Car;38.25;52.0
71761;Zane’s Power Up Mech EVO;45.0;0
10781;Miles Morales: Spider-Man’s Techno Trike;35.28;39.0
10964;Bath Time Fun: Floating Red Panda;34.0;0
10967;Police Motorcycle;32.0;39.0
10971;Wild Animals of Africa;0;0
21177;The Creeper™ Ambush;37.73;0
41696;Pony-Washing Stable;37.14;0
41719;Mobile Fashion Boutique;32.34;39.0
42132;Motorcycle;55.0;0
42133;Telehandler;45.0;0
43198;Anna’s Castle Courtyard;34.73;39.0
43199;Elsa’s Castle Courtyard;34.79;45.14
76212;tbd-LSH-12-2022;58.0;0
88005;Light;158.0;0
10772;Mickey Mouse's Propeller Plane;49.0;0
31100;Sports Car;56.0;0
41439;Cat Grooming Car;48.0;0
41677;Forest Waterfall;59.0;0
41694;Pet Clinic Ambulance;42.86;45.0
60300;Wildlife Rescue ATV;46.0;0
60318;Fire Helicopter;37.24;40.26
60322;Race Car;37.24;39.31
60323;Stunt Plane;37.73;45.0
60344;Chicken Henhouse;49.0;0
70688;Kai's Spinjitzu Ninja Training;42.86;45.0
70689;Lloyd's Spinjitzu Ninja Training;61.95;0
70690;Jay's Spinjitzu Ninja Training;40.5;45.0
71392;Frog Mario Power-Up Pack;44.0;0
71393;Bee Mario Power-Up Pack;36.92;45.0
71396;Bowser Jr.'s Clown Car Expansion Set;34.2;45.0
71404;tbd-LEAF-9-2022;44.95;0
71734;Kai's Blade Cycle;58.0;0
71757;Lloyd's Ninja Mech;37.73;45.0
75321;The Razor Crest™ Microfighter;44.3;0
76145;Eternals’ Aerial Assault;47.0;0
76202;Wolverine Mech Armor;45.0;0
76203;Iron Man Mech Armor;45.0;0
76204;Black Panther Mech Armor;37.24;45.0
31123;Off-road Buggy;46.67;49.0
31125;Fantasy Forest Creatures;46.67;49.0
10980;LEGO® DUPLO® Green Building Plate;141.0;0
31058;Mighty Dinosaurs;84.0;0
41705;Heartlake City Pizzeria;52.25;59.0
43209;Elsa and the Nokk’s Ice Stable;50.0;59.0
76220;tbd-LSH-19-2022;68.3;0
10692;LEGO® Creative Bricks;80.0;0
31112;Wild Lion;75.0;87.0
41443;Olivia's Electric Car;56.0;85.0
41944;Candy Kitty Bracelet & Bag Tag;149.45;0
41945;Neon Tiger Bracelet & Bag Tag;68.64;0
60326;Picnic in the park;68.0;77.0
76179;Batman™ & Selina Kyle™ Motorcycle Pursuit;89.0;0
11018;Creative Ocean Fun;61.6;69.0
31126;Supersonic-jet;64.68;69.0
31127;Street Racer;68.0;0
41715;Ice-Cream Truck;69.0;0
60283;Holiday Camper Van;57.33;97.0
60325;Cement Mixer Truck;61.25;66.91
71760;Jay’s Thunder Dragon EVO;68.73;105.0
10713;Creative Suitcase;67.8;89.0
10777;Mickey Mouse and Minnie Mouse's Camping Trip;67.62;79.0
10782;Hulk vs. Rhino Truck Showdown;101.99;0
10882;Train Tracks;60.0;99.0
10909;Heart Box;85.0;95.0
10938;Dinosaur Nursery;100.0;109.37
10954;Number Train - Learn To Count;66.15;79.0
10960;Belle's Ballroom;65.7;0
10965;Bath Time Fun: Floating Animal Train;68.05;89.0
10968;Doctor Visit;89.0;0
10972;Wild Animals of the Ocean;148.7;0
21178;The Fox Lodge;76.0;0
21179;The Mushroom House;76.44;85.92
41712;Recycling Truck;68.0;79.0
41948;Cute Banana Pen Holder;73.99;0
41950;Lots of DOTS – Lettering;71.04;79.0
41951;Message Board;74.48;79.0
41959;Cute Panda Tray;73.0;79.0
42134;Monster Jam™ Megalodon™;76.2;0
42135;Monster Jam™ El Toro Loco™;77.5;0
60205;Tracks;65.66;79.0
60238;Switch Tracks;65.66;79.0
60287;Tractor;73.7;114.0
60304;Road Plates;99.0;0
60341;The Knockdown Stunt Challenge;71.48;79.0
60342;The Shark Attack Stunt Challenge;68.0;79.0
71768;Jay's Golden Dragon Motorbike;75.24;79.0
75320;Snowtrooper™ Battle Pack;73.0;0
76207;Attack on New Asgard;74.48;79.0
76400;Hogwarts™ Carriage and Thestrals;75.24;79.0
76830;Zyclops Chase;64.19;79.0
76943;Pteranodon Chase;73.78;79.0
76945;Atrociraptor Dinosaur: Bike Chase;75.24;79.0
10773;Minnie Mouse's Ice Cream Shop;134.6;0
10774;Mickey Mouse & Minnie Mouse's Space Rocket;95.0;0
10945;Garbage Truck and Recycling;86.0;0
10955;Animal Train;158.43;0
11008;Bricks and Houses;91.0;99.0
21158;The Panda Nursery;119.02;0
21171;The Horse Stable;74.0;89.0
31114;Superbike;79.0;0
41686;Magical Acrobatics;100.0;0
41695;Pet Clinic;65.9;89.0
41698;Pet Playground;100.0;105.0
41935;Lots of DOTS;99.0;0
41936;Pencil Holder;71.76;84.27
42118;Monster Jam™ Grave Digger™;74.48;121.0
42119;Monster Jam™ Max-D™;98.0;114.0
43200;Antonio's Magical Door;89.1;99.0
43201;Isabela's Magical Door;78.0;0
60340;The Blade Stunt Challenge;68.61;89.0
71740;Jay's Electro Mech;107.1;0
71745;Lloyd's Jungle Chopper Bike;59.29;88.0
71750;Lloyd's Hydro Mech;87.0;99.0
75310;Duel on Mandalore™;150.58;0
76154;Deviant Ambush!;86.0;0
76184;Spider-Man vs. Mysterio’s Drone Attack;70.0;89.0
76186;Black Panther Dragon Flyer;98.21;0
76195;Spider-Man’s Drone Duel;65.7;89.0
76198;Spider-Man & Doctor Octopus Mech Battle;150.58;0
76219;Spider-Man & Green Goblin Mech Battle;139.0;0
76900;Koenigsegg Jesko;78.4;88.75
76901;Toyota GR Supra;74.91;89.0
76902;McLaren Elva;81.78;89.0
10872;Train Bridge and Tracks;82.32;119.0
10944;Space Shuttle Mission;86.18;99.0
21180;The Guardian Battle;100.55;0
21184;The Bakery;91.81;99.0
41960;Big Box;94.29;99.0
60352;LEGO® City Advent Calendar;139.0;0
76906;1970 Ferrari 512 M;77.91;99.0
76907;Lotus Evija;73.99;99.0
76908;Lamborghini Countach;77.91;99.0
76911;007 Aston Martin DB5;109.0;0
76912;Fast & Furious 1970 Dodge Charger R/T;89.0;99.0
41706;LEGO® Friends Advent Calendar;195.81;0
41707;Tree-Planting Vehicle;90.94;0
60327;Horse Transporter;91.14;150.0
60343;Rescue Helicopter Transport;129.0;0
71035;The Muppets 6 pack;149.0;0
71036;tbd-Minifigures-Series-23-6-pack-2022;154.97;0
71397;Luigi’s Mansion™ Lab and Poltergust Expansion Set;81.0;91.1
71405;tbd-LEAF-10-2022;109.0;0
71762;Kai’s Fire Dragon EVO;100.02;150.0
71763;Lloyd’s Race Car EVO;100.02;150.0
10696;LEGO® Medium Creative Brick Box;159.0;166.95
10913;Brick Box;137.68;149.0
10969;Fire Truck;129.0;0
11013;Creative Transparent Bricks;85.4;119.0
11019;Bricks and Functions;92.0;119.0
21189;The Skeleton Dungeon;170.01;0
31130;Sunken Treasure Mission;159.0;0
41699;Pet Adoption Café;99.47;119.0
41947;Mickey & Friends Bracelets Mega Pack;119.0;0
41957;Adhesive Patches Mega Pack;113.33;0
42136;John Deere 9620R 4WD Tractor;95.0;108.43
60314;Ice Cream Truck Police Chase;116.2;0
60319;Fire Rescue & Police Chase;96.47;109.94
60353;Wild Animal Rescue Missions;98.98;119.0
60354;Mars Spacecraft Exploration Missions;98.8;119.0
60355;Water Police Detective Missions;105.88;119.0
71770;Zane's Golden Dragon Jet;113.33;119.0
76181;Batmobile™: The Penguin™ Chase;119.0;0
76225;tbd-LSH-24-2022;119.0;0
76226;tbd-LSH-25-2022;147.01;0
76230;tbd-LSH-31-2022;119.0;0
10775;Mickey Mouse & Donald Duck's Farm;149.0;0
10778;Mickey, Minnie and Goofy's Fairground Fun;129.0;0
10915;Alphabet Truck;149.0;0
10939;T. rex and Triceratops Dinosaur Breakout;149.0;0
10940;Spider-Man Headquarters;143.31;0
10946;Family Camping Van Adventure;99.0;129.0
10951;Horse Stable and Pony Care;228.73;0
10961;Airplane & Airport;127.3;0
21168;The Warped Forest;143.31;0
21172;The Ruined Portal;116.13;129.0
31113;Race Car Transporter;135.0;0
31116;Safari Wildlife Tree House;103.05;0
31121;Crocodile;172.03;320.04
31122;Fish Tank;189.0;0
41441;Horse Training and Trailer;138.59;0
41444;Heartlake City Organic Café;89.67;96.7
41679;Forest House;135.4;0
41687;Magical Funfair Stalls;129.0;0
41710;Surfer Beach Fun;106.8;129.0
41949;Bag Tags Mega Pack - Messaging;114.17;129.0
41956;Ice Cream Picture Frames & Bracelet;161.87;0
43193;Ariel, Belle, Cinderella and Tiana's Storybook Adventures;98.1;119.0
60293;Stunt Park;121.79;129.0
60305;Car Transporter;209.0;0
60328;Beach Lifeguard Station;96.6;0
60345;Farmers Market Van;108.66;129.0
71388;Boss Sumo Bro Topple Tower Expansion Set;86.95;0
71398;Dorrie’s Beachfront Expansion Set;83.71;0
71735;Tournament of Elements;144.0;0
75299;Trouble on Tatooine™;121.52;186.0
75319;The Armorer’s Mandalorian™ Forge;189.0;0
76201;Captain Carter & The Hydra Stomper;136.0;0
76205;Gargantos Showdown;125.47;0
76385;Hogwarts™ Moment: Charms Class;130.29;164.0
76396;Hogwarts™ Moment: Divination Class;169.0;0
76397;Hogwarts™ Moment: Defence Class;122.86;129.0
10941;Mickey & Minnie Birthday Train;116.13;122.13
10962;Buzz Lightyear’s Planetary Mission;96.0;139.0
10976;Santa's Gingerbread House;175.45;0
21181;The Rabbit Ranch;129.0;139.0
21185;The Nether Bastion;139.0;0
43204;Anna and Olaf's Castle Fun;99.0;0
60348;Lunar Roving Vehicle;109.21;139.0
75324;Dark Trooper™ Attack;114.66;0
75332;tbd-IP-LSW14-2022;129.0;0
75333;Obi-Wan Kenobi’s Jedi Starfighter™;129.0;0
76213;tbd-LSH-Batch-C2-2022;149.0;0
76831;Zurg Battle;88.7;139.0
76946;Blue & Beta Velociraptor Capture;130.29;139.0
60315;Police Mobile Command Truck;124.46;169.0
60324;Mobile Crane;124.46;198.0
75340;tbd-IP-LSW22-2022-Advent-Calendar;274.64;0
76188;Batman™ Classic TV Series Batmobile™;170.0;0
76194;Tony Stark’s Sakaarian Iron Man;159.0;0
76231;tbd-LSH-Advent-Calendar-2022;169.0;0
76404;tbd-HP-9-2022-Advent-Calendar;266.72;0
21034;London;174.6;0
41168;Elsa's Jewelry Box Creation;156.31;179.0
71406;tbd-LEAF-11-2022;128.95;0
75979;Hedwig™;219.0;0
10966;Bath Time Fun: Floating Animal Island;114.0;0
10977;My First Puppy & Kitten With Sounds;126.26;0
10978;Creative Building Time;133.71;169.0
21055;Burj Khalifa;399.0;0
21176;The Jungle Abomination;199.0;0
31129;Majestic Tiger;168.63;227.46
31131;Downtown Noodle Shop;153.8;169.0
41393;Baking Competition;207.0;0
41700;Beach Glamping;127.27;169.0
41716;Stephanie's Sailing Adventure;112.41;169.0
41938;Creative Designer Box;179.0;0
41952;Big Message Board;118.0;169.0
41964;Mickey Mouse & Minnie Mouse Back-to-School Project Box;160.95;169.0
43192;Cinderella’s Royal Carriage;199.0;0
43194;Anna and Elsa's Frozen Wonderland;143.57;169.0
43208;Jasmine and Mulan’s Adventure;149.0;0
60308;Seaside Police and Fire Mission;134.0;0
60313;Space Ride Amusement Truck;141.12;169.0
71389;Lakitu Sky World Expansion Set;136.9;169.0
71399;Luigi’s Mansion™ Entryway Expansion Set;116.23;169.0
71736;Boulder Blaster;169.0;214.0
71746;Jungle Dragon;147.25;155.0
71749;Final Flight of Destiny's Bounty;172.0;0
71752;Ninja Sub Speeder;175.0;184.0
71759;Ninja Dragon Temple;146.0;0
71764;Ninja Training Center;138.09;169.0
71769;Cole’s Dragon Cruiser;160.95;169.0
75311;Imperial Armored Marauder;179.0;0
75342;Republic Fighter Tank™;266.76;0
75571;tbd-PT-IP-1-2021;180.74;0
76185;Spider-Man at the Sanctum Workshop;161.0;169.0
76190;Iron Man: Iron Monger Mayhem;186.0;0
76206;Iron Man Figure;184.0;0
76237;Sanctuary II: Endgame Battle;347.23;0
76239;Batmobile™ Tumbler: Scarecrow™ Showdown;191.0;0
76387;Hogwarts™: Fluffy Encounter;215.0;0
76394;Fawkes, Dumbledore’s Phoenix;141.0;189.0
76909;Mercedes-AMG F1 W12 E Performance & Mercedes-AMG Project One;169.0;0
76910;Aston Martin Valkyrie AMR Pro and Aston Martin Vantage GT3;141.61;169.0
80030;Monkie Kid’s Staff Creations;146.48;0
80031;Mei’s Dragon Car;169.0;0
71412;tbd-LEAF-17-2022;170.65;0
10281;Bonsai Tree;181.65;291.0
10309;Succulents;190.82;0
10311;Orchid;199.0;0
10698;LEGO® Large Creative Brick Box;222.7;0
10780;Mickey and Friends Castle Defenders;168.5;0
10784;Spider-Man Webquarters Hangout;171.01;0
10914;Deluxe Brick Box;259.0;0
10959;Police Station & Helicopter;236.25;0
10973;Wild Animals of South America;163.59;199.0
11014;Bricks and Wheels;185.5;0
11021;90 Years of Play;168.63;199.0
21028;New York City;222.01;270.0
21044;Paris;197.47;239.0
21186;The Ice Castle;194.04;0
21190;The Abandoned Village;197.0;0
31118;Surfer Beach House;176.31;0
41717;Mia's Wildlife Rescue;175.0;0
41962;Unicorn Creative Family Pack;195.87;0
42122;Jeep® Wrangler;191.83;291.0
42123;McLaren Senna GTR™;176.2;0
42137;Formula E® Porsche 99X Electric;174.68;0
42138;Ford Mustang Shelby® GT500®;188.88;0
43202;The Madrigal House;173.4;199.0
60301;Wildlife Rescue Off-Roader;137.36;0
60346;Barn & Farm Animals;214.0;0
71776;Jay and Nya's Race Car EVO;219.0;0
75322;Hoth™ AT-ST™;212.82;0
75334;Obi-Wan Kenobi™ vs. Darth Vader™;199.0;0
76211;tbd-LSH-Batch-C1-2022;199.0;0
76217;I am Groot;184.77;199.0
76398;Hogwarts™ Hospital Wing;177.87;199.0
76401;Hogwarts™ Courtyard: Sirius’s Rescue;227.6;0
76406;Hungarian Horntail Dragon;184.77;199.0
76832;XL-15 Spaceship;195.87;0
76944;T. rex Dinosaur Breakout;189.52;199.0
76947;Quetzalcoatlus Plane Ambush;215.01;0
76950;Triceratops Pickup Truck Ambush;177.38;199.0
76951;Pyroraptor & Dilophosaurus Transport;219.0;0
60320;Fire Station;194.86;0
10776;Mickey & Friends Fire Truck & Station;239.0;0
10942;Minnie’s House and Café;228.0;0
10947;Race Cars;173.77;0
31117;Space Shuttle Adventure;249.0;0
41681;Forest Camper Van and Sailboat;179.73;0
41701;Street Food Market;180.73;0
43195;Belle and Rapunzel's Royal Stables;159.0;225.31
60338;Smashing Chimpanzee Stunt Loop;138.28;219.0
71737;X-1 Ninja Charger;248.99;0
71747;The Keepers' Village;218.25;0
71753;Fire Dragon Attack;227.22;0
75305;Scout Trooper™ Helmet;186.0;0
75572;tbd-PT-IP-2-2021;302.26;0
76905;Ford GT Heritage Edition and Bronco R;225.0;0
75312;Boba Fett’s Starship™;216.23;229.0
80032;Chang’e Moon Cake Factory;0;0
10280;Flower Bouquet;190.12;239.0
10963;Spider-Man & Friends: Funfair Adventure;314.18;0
10979;Wild Animals of Europe;516.73;0
41708;Roller Disco Arcade;199.9;239.0
41720;Water Park;187.55;239.0
60349;Lunar Space Station;198.0;239.0
71360;Adventures with Mario Starter Course;199.0;225.0
71387;Adventures with Luigi Starter Course;222.5;0
76208;The Goat Boat;177.28;239.0
10874;Steam Train;237.15;299.0
21183;The Training Grounds;249.0;0
41718;Pet Day-Care Center;244.0;0
41961;Designer Toolkit - Patterns;229.6;249.0
43203;Aurora, Merida and Tiana’s Enchanted Creations;259.0;0
60316;Police Station;211.75;0
71738;Zane's Titan Mech Battle;205.95;0
71766;Lloyd’s Legendary Dragon;212.07;0
71772;The Crystal King;218.75;249.0
75325;The Mandalorian’s N-1 Starfighter™;259.0;0
76399;Hogwarts™ Magical Trunk;205.21;249.0
10929;Modular Playhouse;271.0;0
10934;Creative animals;204.2;299.0
21051;Tokyo;194.86;299.0
21169;The First Adventure;281.8;0
21173;The Sky Tower;259.0;0
41689;Magical Ferris Wheel and Slide;254.0;0
60282;Fire Command Unit;187.8;319.0
60294;Stunt Show Truck;216.08;299.0
60329;School Day;214.09;298.0
60347;Grocery Store;199.9;259.0
71400;Big Urchin Beach Ride Expansion Set;193.15;0
71403;tbd-LEAF-8-2022;183.74;259.0
75316;Mandalorian Starfighter™;274.25;0
76182;Batman™ Cowl;230.1;0
76199;Carnage;254.85;0
76238;Classic TV Series Batman™ Cowl;244.0;299.0
76904;Mopar Dodge//SRT Top Fuel Dragster and 1970 Dodge Challenger T/A;195.48;0
31207;Floral Art;279.0;0
41711;Emma's Art School;351.23;0
41713;Olivia's Space Academy;225.45;279.0
42107;Ducati Panigale V4 R;225.35;279.0
75327;Luke Skywalker™ (Red Five) Helmet;232.17;279.0
75328;The Mandalorian™ Helmet;231.8;279.0
75329;Death Star™ Trench Run Diorama;232.17;279.0
75343;Dark Trooper™ Helmet;243.85;279.0
76223;Nano Gauntlet;242.24;279.0
80037;Dragon of the East;259.0;0
10952;Barn, Tractor & Farm Animal Care;203.0;247.56
11717;Bricks Bricks Plates;401.98;0
41395;Friendship Bus;329.0;349.0
41449;Andrea's Family House;229.0;414.0
41682;Heartlake City School;330.28;0
41683;Forest Horseback Riding Center;299.0;0
41693;Surfer Beachfront;367.78;0
41709;Vacation Beach House;195.66;299.0
71407;tbd-LEAF-12-2022;299.0;0
71409;tbd-LEAF-14-2022;259.0;0
71748;Catamaran Sea Battle;261.0;299.0
75306;Imperial Probe Droid™;234.8;0
76155;In Arishem’s Shadow;199.75;227.46
76183;Batcave™: The Riddler™ Face-off;299.0;0
76187;Venom;220.95;238.0
76392;Hogwarts™ Wizard’s Chess;599.56;0
80033;Evil Macaque’s Mech;575.0;0
80108;Lunar New Year Traditions;149.0;0
10411;Learn about Chinese Culture;0;0
11022;Space Mission;269.48;0
21331;Sonic the Hedgehog™ – Green Hill Zone;349.0;0
41702;Canal Houseboat;235.39;329.0
41703;Friendship Tree House;255.74;349.0
60335;Train Station;349.0;0
71754;Water Dragon;325.0;0
75304;Darth Vader™ Helmet;329.0;0
75338;Ambush on Ferrix™;229.0;0
75968;4 Privet Drive;263.73;379.0
10271;Fiat 500;424.0;0
21319;Central Perk;305.0;0
21328;Seinfeld;413.74;0
43206;Cinderella and Prince Charming's Castle;296.16;0
71401;Luigi’s Mansion™ Haunt-and-Seek Expansion Set;268.7;349.0
76175;Attack on the Spider Lair;318.01;349.0
42139;All-Terrain Vehicle;266.0;359.0
75318;The Child;321.0;359.0
75330;Dagobah™ Jedi™ Training Diorama;284.65;359.0
75339;Death Star™ Trash Compactor Diorama;399.0;0
76191;Infinity Gauntlet;322.95;359.0
76214;tbd-LSH-Batch-C3-2022;299.0;0
76216;Iron Man Armory;288.2;0
76388;Hogsmeade™ Village Visit;322.76;0
76402;Hogwarts™: Dumbledore’s Office;297.92;359.0
76407;The Shrieking Shack & Whomping Willow™;267.0;0
76989;Horizon Forbidden West: Tallneck;299.05;359.0
80034;Nezha’s Fire Ring;0;0
10266;NASA Apollo 11 Lunar Lander;446.0;485.0
10275;Elf Club House;549.0;0
10282;adidas Originals Superstar;344.1;399.0
10289;Bird of Paradise;399.82;0
10293;Santa’s Visit;370.0;0
10298;Vespa 125;394.0;0
10308;tbd-Icons-Seasonal-2022;699.03;0
10497;tbd-Icon-MDP2-2022;399.0;0
10970;Fire Station & Helicopter;292.85;399.0
10974;Wild Animals of Asia;349.76;399.0
11020;Build Together;268.23;399.0
21042;Statue of Liberty;359.15;499.0
21187;The Red Barn;388.57;0
21326;Winnie the Pooh;435.93;0
21334;tbd-Ideas-4-2022;499.0;0
31119;Ferris Wheel;399.0;0
41714;Andrea's Theater School;438.95;0
41721;Organic Farm;284.61;0
41722;Horse Show Trailer;439.0;0
42127;THE BATMAN - BATMOBILE™;302.01;399.0
43205;Ultimate Adventure Castle;419.0;0
43207;Ariel's Underwater Palace;328.4;0
60302;Wildlife Rescue Operation;322.46;0
60317;Police Chase at the Bank;306.75;328.82
60321;Fire Brigade;342.59;0
60330;Hospital;329.98;399.0
60350;Lunar Research Base;439.0;0
71739;Ultra Sonic Raider;641.75;0
71765;Ninja Ultra Combo Mech;334.95;399.0
71767;Ninja Dojo Temple;449.0;0
71773;Kai’s Golden Dragon Raider;369.0;399.0
75326;Boba Fett's Throne Room;381.63;0
75335;BD-1™;380.0;399.0
75336;Inquisitor Transport Scythe™;380.0;399.0
75573;tbd-PT-IP-3-2021;549.01;0
75955;Hogwarts™ Express;440.01;0
75969;Hogwarts™ Astronomy Tower;353.7;0
76192;Avengers: Endgame Final Battle;360.77;0
76403;The Ministry of Magic™;366.03;399.0
76948;T. rex & Atrociraptor Dinosaur Breakout;357.2;399.0
76956;T. rex Breakout;350.65;399.0
10943;Happy Childhood Moments;298.0;571.0
41450;Heartlake City Shopping Mall;374.0;0
41684;Heartlake City Grand Hotel;374.0;0
41685;Magical Funfair Roller Coaster;320.0;0
60262;Passenger Airplane;410.0;0
60292;Town Center;312.0;581.0
60295;Stunt Show Arena;337.21;428.81
60307;Wildlife Rescue Camp;326.05;0
71391;Bowser’s Airship Expansion Set;0;0
75314;The Bad Batch™ Attack Shuttle;399.0;439.0
75948;Hogwarts™ Clock Tower;386.34;0
75980;Attack on the Burrow;425.0;549.0
76156;Rise of the Domo;330.1;354.28
80109;Lunar New Year Ice Festival;499.0;0
10948;Parking Garage and Car Wash;344.96;449.0
21054;The White House;357.85;0
80035;Monkie Kid's Galactic Explorer;365.0;0
80038;Monkie Kid’s Team Van;439.0;0
21056;Taj Mahal;400.33;459.0
21329;Fender® Stratocaster™;405.72;459.0
21336;tbd-ideas-6-2022;762.24;0
31132;Viking Ship and the Midgard Serpent;375.4;459.0
31205;Jim Lee Batman™ Collection;370.0;459.0
42111;Dom's Dodge Charger;402.57;0
42144;Material Handler;469.0;0
71755;Temple of the Endless Sea;374.32;479.0
10290;Pickup Truck;482.09;0
10875;Cargo Train;494.9;599.0
10975;Wild Animals of the World;470.15;499.0
21188;The Llama Village;432.5;499.0
31109;Pirate Ship;399.54;499.0
76209;Thor's Hammer;441.7;499.0
76408;12 Grimmauld Place;437.6;499.0
21174;The Modern Treehouse;394.57;529.0
21226;Art Project - Create Together;424.75;529.0
21324;123 Sesame Street;499.0;0
31201;Harry Potter™ Hogwarts™ Crests;515.78;0
31202;Disney's Mickey Mouse;418.69;0
31204;Elvis Presley “The King”;426.57;0
92176;LEGO® NASA Apollo Saturn V;853.05;0
10956;Amusement Park;363.69;549.0
71408;tbd-LEAF-13-2022;509.78;549.0
21058;Great Pyramid of Giza;559.0;0
75292;The Razor Crest™;645.88;0
75337;tbd-IP-LSW-19-2022;532.38;0
76949;Giganotosaurus & Therizinosaurus Attack;484.75;559.0
42124;Off-Road Buggy;399.0;0
60197;Passenger Train;569.0;619.0
76393;Harry Potter™ & Hermione Granger™;755.32;0
31206;The Rolling Stones;461.0;599.0
41704;Main Street Building;487.24;0
42140;App-Controlled Transformation Vehicle;514.5;599.0
60337;Express Passenger Train;599.0;0
60339;Double Loop Stunt Arena;476.05;599.0
60351;Rocket Launch Center;482.55;599.0
71756;Hydro Bounty;536.29;0
71774;Lloyd’s Golden Ultra Dragon;476.15;599.0
75574;tbd-PT-IP-4-2021;622.39;0
76389;Hogwarts™ Chamber of Secrets;567.0;0
42126;Ford® F-150 Raptor;481.0;619.0
80036;The City of Lanterns;569.0;0
10265;Ford Mustang;649.0;0
10295;Porsche 911;599.0;0
10304;tbd-Icons-IP-Vehicle-2-2022;799.0;0
21333;Vincent van Gogh - The Starry Night;1003.59;0
75323;tbd-IP-LSW4-2022;649.0;0
76193;The Guardians’ Ship;547.39;659.0
10279;Volkswagen T2 Camper Van;840.45;0
10292;The Friends Apartments;574.5;699.0
10302;Optimus Prime;614.42;699.0
21325;Blacksmith;629.0;0
42128;Heavy-duty Tow Truck;563.01;699.0
60336;Freight Train;644.84;699.0
75315;Imperial Light Cruiser™;505.0;533.33
60198;Cargo Train;711.0;949.0
43179;Mickey Mouse & Minnie Mouse Buildable Ch;891.45;0
10270;Bookshop;849.0;0
10278;Police Station;794.0;0
10283;NASA Space Shuttle Discovery;999.03;0
10300;Back to the Future Time Machine;656.97;799.0
42096;Porsche 911 RSR;648.39;799.0
42125;Ferrari 488 GTE “AF Corse #51”;630.9;799.0
42141;McLaren Formula 1™ Race Car;650.23;799.0
80039;The Heavenly Realms;799.0;0
42145;Airbus H175 Rescue Helicopter;777.38;849.0
43197;The Ice Castle;499.0;549.0
71395;Super Mario 64™ Question Mark Block;674.0;849.0
42110;Land Rover Defender;747.1;899.0
76161;1989 Batwing;949.0;0
10297;Boutique Hotel;1064.58;0
21332;The Globe;1194.03;0
10274;Ghostbusters™ ECTO-1;954.0;0
10306;tbd-Icons-IP-Games-1-2022;999.0;0
75308;R2-D2™;774.39;949.0
75341;Luke Skywalker’s Landspeeder™;999.0;0
21327;Typewriter;1128.75;0
21337;tbd-Ideas-7-2022;1499.03;0
31203;World Map;942.2;993.65
42130;BMW M 1000 RR;747.27;999.0
76218;tbd-LSH-17-2022;744.43;951.43
76240;Batmobile™ Tumbler;805.58;0
71374;Nintendo Entertainment System™;1149.0;0
71411;tbd-LEAF-16-2022;1192.22;0
10255;Assembly Square;1209.0;0
10273;Haunted House;1174.99;0
21330;Home Alone;1167.39;0
21335;tbd-Ideas-5-2022;0;0
76391;Hogwarts™ Icons - Collectors' Edition;974.0;0
42129;App-Controlled 4x4 Mercedes-Benz Zetros Trial Truck;1048.09;1299.0
10272;Old Trafford - Manchester United;2012.5;0
10284;Camp Nou – FC Barcelona;1171.39;1399.0
71741;NINJAGO® City Gardens;1399.0;0
76178;Daily Bugle;1575.0;0
76215;tbd-LSH-14-2022;1999.03;0
51515;Robot Inventor;1964.76;0
71040;The Disney Castle;2269.03;0
10299;Real Madrid – Santiago Bernabéu Stadium;2399.03;0
10303;Loop Coaster;1799.0;1998.98
10305;tbd-Icons-Special-1-2022;1875.0;0
21323;Grand Piano;1558.0;1644.53
75290;Mos Eisley Cantina™;1499.0;1699.0
75309;Republic Gunship™;1549.0;0
42115;Lamborghini Sián FKP 37;1430.31;2202.0
42143;Ferrari Daytona SP3;1970.21;0
75978;Diagon Alley™;1899.0;0
42083;Bugatti Chiron;1704.39;0
42131;App-Controlled Cat® D11 Bulldozer;1382.0;1899.0
76405;tbd-HP-10-2022-D2C;2349.0;0
71043;Hogwarts™ Castle;1955.0;0
10276;Colosseum;3136.92;0
76210;tbd-LSH-9-2022;0;0
75331;tbd-IP-LSW-13-2022;179.0;0
10294;Titanic;2561.93;2850.0
10307;tbd-Icons-World-Buildings-1-2022;0;0
75192;Millennium Falcon™;3899.01;0
75252;Imperial Star Destroyer™;3825.03;0
75313;AT-AT™;3706.39;3999.0
42114;6x6 Volvo Articulated Hauler;796.0;1518.0
