product_number;product_name;discount_price;price
630;Brick Separator;59.85;103.95
41946;Extra DOTS – Series 6;17.15;35
41958;Extra DOTS Series 7 - SPORT;16.98;34.65
71032;Series 22;17.15;35
71033;The Muppets;16.66;34
71034;tbd-Minifigures-Series-23-2022;16.66;34
71402;Character Packs – Series 4;;
11006;Creative Blue Bricks;16.17;33
11012;Creative White Bricks;190.12;388
41963;Mickey Mouse & Minnie Mouse Stitch-on Patch;25.48;52
41942;Into the Deep Bracelets with Charms;25.97;53
41943;Gamer Bracelet with Charms;25.48;52
41953;Rainbow Bracelet with Charms;25.97;53
41954;Adhesive Patch;25.48;52
41955;Stitch-on Patch;25.48;52
60296;Wheelie Stunt Bike;21.07;43
60297;Demolition Stunt Bike;21.07;43
60298;Rocket Stunt Bike;21.07;43
60309;Selfie Stunt Bike;21.07;43
60310;Chicken Stunt Bike;21.07;43
60311;Fire Stunt Bike;21.07;43
60331;Touring Stunt Bike;24.01;49
60332;Reckless Scorpion Stunt Bike;24.01;49
60333;Bathtub Stunt Bike;24.01;49
71410;tbd-LEAF-15-2022;;
11017;Creative Monsters;34.3;70
11023;Green Baseplate;18.76;25
11025;Blue Baseplate;30.87;63
11026;White Baseplate;30.87;63
31111;Cyber Drone;37.24;76
31124;Super Robot;72.58;82.95
31128;Dolphin and Turtle;32.83;67
60312;Police Car;31.36;64
71761;Zane’s Power Up Mech EVO;29.4;60
10781;Miles Morales: Spider-Man’s Techno Trike;35.28;72
10964;Bath Time Fun: Floating Red Panda;34.79;71
10967;Police Motorcycle;36.26;74
10971;Wild Animals of Africa;37.73;77
21177;The Creeper™ Ambush;37.73;77
41696;Pony-Washing Stable;;
41719;Mobile Fashion Boutique;32.34;66
42132;Motorcycle;40.18;82
42133;Telehandler;40.18;82
43198;Anna’s Castle Courtyard;37.73;77
43199;Elsa’s Castle Courtyard;34.79;71
76212;tbd-LSH-12-2022;;
88005;Light;83.1;108.02
10772;Mickey Mouse's Propeller Plane;39.69;81
10957;Fire Helicopter & Police Car;29.89;61
31100;Sports Car;36.26;74
41439;Cat Grooming Car;29.4;60
41677;Forest Waterfall;36.75;75
41694;Pet Clinic Ambulance;37.73;77
41697;Turtle Protection Vehicle;37.73;77
60300;Wildlife Rescue ATV;37.24;76
60318;Fire Helicopter;37.24;76
60322;Race Car;37.24;76
60323;Stunt Plane;37.73;77
60344;Chicken Henhouse;37.73;77
70688;Kai's Spinjitzu Ninja Training;37.73;77
70689;Lloyd's Spinjitzu Ninja Training;37.73;77
70690;Jay's Spinjitzu Ninja Training;37.73;77
71392;Frog Mario Power-Up Pack;38.71;79
71393;Bee Mario Power-Up Pack;38.71;79
71396;Bowser Jr.'s Clown Car Expansion Set;37.73;77
71404;tbd-LEAF-9-2022;;
71734;Kai's Blade Cycle;;
71757;Lloyd's Ninja Mech;37.73;77
75321;The Razor Crest™ Microfighter;40.18;82
76145;Eternals’ Aerial Assault;38.22;78
76202;Wolverine Mech Armor;37.24;76
76203;Iron Man Mech Armor;37.73;77
76204;Black Panther Mech Armor;37.24;76
31123;Off-road Buggy;54.39;111
31125;Fantasy Forest Creatures;46.06;94
10980;LEGO® DUPLO® Green Building Plate;52.92;108
11024;Gray Baseplate;;
31058;Mighty Dinosaurs;;
41705;Heartlake City Pizzeria;54.39;111
43209;Elsa and the Nokk’s Ice Stable;51.94;106
76220;tbd-LSH-19-2022;;
10692;LEGO® Creative Bricks;52.43;107
31112;Wild Lion;29.4;36.75
41443;Olivia's Electric Car;55.86;114
41944;Candy Kitty Bracelet & Bag Tag;57.33;117
41945;Neon Tiger Bracelet & Bag Tag;57.82;118
60326;Picnic in the park;54.39;111
76179;Batman™ & Selina Kyle™ Motorcycle Pursuit;54.39;111
11018;Creative Ocean Fun;69.09;141
31126;Supersonic-jet;64.68;132
31127;Street Racer;64.68;132
41715;Ice-Cream Truck;136.43;198.45
60283;Holiday Camper Van;57.33;117
60325;Cement Mixer Truck;61.25;125
71760;Jay’s Thunder Dragon EVO;74.48;152
10713;Creative Suitcase;72.52;148
10777;Mickey Mouse and Minnie Mouse's Camping Trip;67.62;138
10782;Hulk vs. Rhino Truck Showdown;70.07;143
10882;Train Tracks;71.05;145
10909;Heart Box;64.68;132
10938;Dinosaur Nursery;71;144.9
10954;Number Train - Learn To Count;;
10960;Belle's Ballroom;72.03;147
10965;Bath Time Fun: Floating Animal Train;71.05;145
10968;Doctor Visit;72.03;147
10972;Wild Animals of the Ocean;72.03;147
21178;The Fox Lodge;75.95;155
21179;The Mushroom House;76.44;156
41712;Recycling Truck;74.48;152
41948;Cute Banana Pen Holder;73.99;151
41950;Lots of DOTS – Lettering;78.4;160
41951;Message Board;74.48;152
41959;Cute Panda Tray;74.97;153
42134;Monster Jam™ Megalodon™;71;144.9
42135;Monster Jam™ El Toro Loco™;71.05;145
60205;Tracks;65.66;134
60238;Switch Tracks;65.66;134
60287;Tractor;74.48;152
60304;Road Plates;66.15;135
60341;The Knockdown Stunt Challenge;74.48;152
60342;The Shark Attack Stunt Challenge;70.56;144
71768;Jay's Golden Dragon Motorbike;70.07;143
75320;Snowtrooper™ Battle Pack;78.89;161
76207;Attack on New Asgard;74.48;152
76400;Hogwarts™ Carriage and Thestrals;74.48;152
76830;Zyclops Chase;79.38;162
76943;Pteranodon Chase;75.95;155
76945;Atrociraptor Dinosaur: Bike Chase;75.95;155
10773;Minnie Mouse's Ice Cream Shop;64.68;132
10774;Mickey Mouse & Minnie Mouse's Space Rocket;64.19;131
10945;Garbage Truck and Recycling;74.48;152
10955;Animal Train;74.48;152
11008;Bricks and Houses;73.99;151
21158;The Panda Nursery;;
21171;The Horse Stable;77.91;159
31114;Superbike;59.29;121
41686;Magical Acrobatics;74.48;152
41695;Pet Clinic;73.99;151
41698;Pet Playground;74.48;152
41935;Lots of DOTS;74.48;152
41936;Pencil Holder;74.48;152
42118;Monster Jam™ Grave Digger™;74.48;152
42119;Monster Jam™ Max-D™;74.97;153
43189;Elsa and the Nokk Storybook Adventures;63.7;130
43200;Antonio's Magical Door;63.7;130
43201;Isabela's Magical Door;63.7;130
60276;Police Prisoner Transport;74.48;152
60299;Stunt Competition;59.78;122
60340;The Blade Stunt Challenge;74.48;152
71740;Jay's Electro Mech;74.48;152
71745;Lloyd's Jungle Chopper Bike;59.29;121
71750;Lloyd's Hydro Mech;74.97;153
75310;Duel on Mandalore™;80.36;164
76154;Deviant Ambush!;77.91;159
76184;Spider-Man vs. Mysterio’s Drone Attack;77.91;159
76186;Black Panther Dragon Flyer;78.4;160
76195;Spider-Man’s Drone Duel;77.91;159
76198;Spider-Man & Doctor Octopus Mech Battle;;
76219;Spider-Man & Green Goblin Mech Battle;;
76900;Koenigsegg Jesko;78.4;160
76901;Toyota GR Supra;77.91;159
76902;McLaren Elva;77.91;159
10872;Train Bridge and Tracks;82.32;168
10944;Space Shuttle Mission;89.18;182
21180;The Guardian Battle;88.2;180
21184;The Bakery;89.67;183
41960;Big Box;97.02;198
60352;LEGO® City Advent Calendar;82.81;169
76906;1970 Ferrari 512 M;77.91;159
76907;Lotus Evija;73.99;151
76908;Lamborghini Countach;77.91;159
76911;007 Aston Martin DB5;76.44;156
76912;Fast & Furious 1970 Dodge Charger R/T;75.95;155
41706;LEGO® Friends Advent Calendar;90.55;184.8
41707;Tree-Planting Vehicle;98;200
60327;Horse Transporter;91.14;186
60343;Rescue Helicopter Transport;90.65;185
71035;The Muppets 6 pack;;
71036;tbd-Minifigures-Series-23-6-pack-2022;;
71397;Luigi’s Mansion™ Lab and Poltergust Expansion Set;91.14;186
71405;tbd-LEAF-10-2022;;
71762;Kai’s Fire Dragon EVO;91.14;186
71763;Lloyd’s Race Car EVO;107.8;220
10696;LEGO® Medium Creative Brick Box;100.94;206
10913;Brick Box;99.47;203
10969;Fire Truck;98.78;201.6
11013;Creative Transparent Bricks;96.53;197
11019;Bricks and Functions;104.37;213
21189;The Skeleton Dungeon;111.72;228
31130;Sunken Treasure Mission;105.35;215
41699;Pet Adoption Café;99.47;203
41947;Mickey & Friends Bracelets Mega Pack;111.72;228
41957;Adhesive Patches Mega Pack;115.15;235
42136;John Deere 9620R 4WD Tractor;115.15;235
60314;Ice Cream Truck Police Chase;107.31;219
60319;Fire Rescue & Police Chase;99.47;203
60353;Wild Animal Rescue Missions;98.98;202
60354;Mars Spacecraft Exploration Missions;98.98;202
60355;Water Police Detective Missions;99.96;204
71770;Zane's Golden Dragon Jet;98.78;201.6
76181;Batmobile™: The Penguin™ Chase;108.29;221
76225;tbd-LSH-24-2022;;
76226;tbd-LSH-25-2022;;
76230;tbd-LSH-31-2022;;
10775;Mickey Mouse & Donald Duck's Farm;121.52;248
10778;Mickey, Minnie and Goofy's Fairground Fun;107.8;220
10783;Spider-Man at Doc Ock’s Lab;107.31;219
10915;Alphabet Truck;104.37;213
10939;T. rex and Triceratops Dinosaur Breakout;352.8;720
10940;Spider-Man Headquarters;;
10946;Family Camping Van Adventure;89.18;182
10951;Horse Stable and Pony Care;89.18;182
10961;Airplane & Airport;89.18;182
21168;The Warped Forest;116.62;238
21172;The Ruined Portal;116.13;237
31113;Race Car Transporter;89.18;182
31116;Safari Wildlife Tree House;89.18;182
31121;Crocodile;111.23;227
31122;Fish Tank;111.72;228
41441;Horse Training and Trailer;111.23;227
41444;Heartlake City Organic Café;89.67;183
41679;Forest House;111.23;227
41687;Magical Funfair Stalls;111.23;227
41710;Surfer Beach Fun;107.8;220
41949;Bag Tags Mega Pack - Messaging;114.17;233
41956;Ice Cream Picture Frames & Bracelet;115.15;235
43193;Ariel, Belle, Cinderella and Tiana's Storybook Adventures;89.18;182
60293;Stunt Park;112.21;229
60305;Car Transporter;89.67;183
60328;Beach Lifeguard Station;107.8;220
60345;Farmers Market Van;107.8;220
71388;Boss Sumo Bro Topple Tower Expansion Set;117.6;240
71398;Dorrie’s Beachfront Expansion Set;107.8;220
71735;Tournament of Elements;112.21;229
75299;Trouble on Tatooine™;121.52;248
75319;The Armorer’s Mandalorian™ Forge;121.52;248
76201;Captain Carter & The Hydra Stomper;;
76205;Gargantos Showdown;108.29;221
76385;Hogwarts™ Moment: Charms Class;106.82;218
76396;Hogwarts™ Moment: Divination Class;115.15;235
76397;Hogwarts™ Moment: Defence Class;;
10941;Mickey & Minnie Birthday Train;116.13;237
10962;Buzz Lightyear’s Planetary Mission;112.7;230
10976;Santa's Gingerbread House;115.64;236
21181;The Rabbit Ranch;124.46;254
21185;The Nether Bastion;130.83;267
43204;Anna and Olaf's Castle Fun;124.46;254
60348;Lunar Roving Vehicle;112.21;229
75324;Dark Trooper™ Attack;114.66;234
75332;tbd-IP-LSW14-2022;;
75333;Obi-Wan Kenobi’s Jedi Starfighter™;122.99;251
76213;tbd-LSH-Batch-C2-2022;;
76831;Zurg Battle;114.66;234
76946;Blue & Beta Velociraptor Capture;;
60315;Police Mobile Command Truck;124.46;254
60324;Mobile Crane;124.46;254
75340;tbd-IP-LSW22-2022-Advent-Calendar;;
76188;Batman™ Classic TV Series Batmobile™;133.28;272
76194;Tony Stark’s Sakaarian Iron Man;133.77;273
76231;tbd-LSH-Advent-Calendar-2022;;
76404;tbd-HP-9-2022-Advent-Calendar;;
21034;London;153.37;313
41168;Elsa's Jewelry Box Creation;156.31;319
71406;tbd-LEAF-11-2022;;
75979;Hedwig™;156.31;319
10966;Bath Time Fun: Floating Animal Island;137.2;280
10977;My First Puppy & Kitten With Sounds;137.2;280
10978;Creative Building Time;136.71;279
21055;Burj Khalifa;98.45;179
21176;The Jungle Abomination;137.69;281
31129;Majestic Tiger;183.75;375
31131;Downtown Noodle Shop;158.27;323
41393;Baking Competition;143.08;292
41700;Beach Glamping;140.63;287
41716;Stephanie's Sailing Adventure;141.61;289
41938;Creative Designer Box;;
41952;Big Message Board;149.94;306
41964;Mickey Mouse & Minnie Mouse Back-to-School Project Box;149.94;306
43192;Cinderella’s Royal Carriage;144.06;294
43194;Anna and Elsa's Frozen Wonderland;143.57;293
43208;Jasmine and Mulan’s Adventure;141.61;289
60308;Seaside Police and Fire Mission;131.2;267.75
60313;Space Ride Amusement Truck;141.12;288
71389;Lakitu Sky World Expansion Set;138.67;283
71399;Luigi’s Mansion™ Entryway Expansion Set;141.61;289
71736;Boulder Blaster;131.32;268
71746;Jungle Dragon;131.81;269
71749;Final Flight of Destiny's Bounty;;
71752;Ninja Sub Speeder;;
71759;Ninja Dragon Temple;141.61;289
71764;Ninja Training Center;;
71769;Cole’s Dragon Cruiser;157.78;322
75311;Imperial Armored Marauder;;
75342;Republic Fighter Tank™;149.21;304.5
75571;tbd-PT-IP-1-2021;;
76185;Spider-Man at the Sanctum Workshop;139.16;284
76190;Iron Man: Iron Monger Mayhem;138.67;283
76206;Iron Man Figure;141.61;289
76237;Sanctuary II: Endgame Battle;;
76239;Batmobile™ Tumbler: Scarecrow™ Showdown;;
76387;Hogwarts™: Fluffy Encounter;147.49;301
76394;Fawkes, Dumbledore’s Phoenix;147.33;300.68
76903;Chevrolet Corvette C8.R Race Car and 1969 Chevrolet Corvette;138.18;282
76909;Mercedes-AMG F1 W12 E Performance & Mercedes-AMG Project One;;
76910;Aston Martin Valkyrie AMR Pro and Aston Martin Vantage GT3;141.61;289
80030;Monkie Kid’s Staff Creations;;
80031;Mei’s Dragon Car;;
71412;tbd-LEAF-17-2022;;
10281;Bonsai Tree;187.18;382
10309;Succulents;189.63;387
10311;Orchid;189.63;387
10698;LEGO® Large Creative Brick Box;168.07;343
10780;Mickey and Friends Castle Defenders;182.77;373
10784;Spider-Man Webquarters Hangout;171.01;349
10914;Deluxe Brick Box;161.21;329
10959;Police Station & Helicopter;177.87;363
10973;Wild Animals of South America;160.72;328
11014;Bricks and Wheels;189.14;386
11015;Around the World;191.59;391
11021;90 Years of Play;176.89;361
21028;New York City;180.81;369
21044;Paris;197.47;403
21186;The Ice Castle;194.04;396
21190;The Abandoned Village;190.12;388
31118;Surfer Beach House;188.16;384
41717;Mia's Wildlife Rescue;171.01;349
41962;Unicorn Creative Family Pack;195.02;398
42122;Jeep® Wrangler;189.14;386
42123;McLaren Senna GTR™;190.12;388
42137;Formula E® Porsche 99X Electric;185.22;378
42138;Ford Mustang Shelby® GT500®;182.77;373
43202;The Madrigal House;199.92;408
60301;Wildlife Rescue Off-Roader;164.15;335
60346;Barn & Farm Animals;175.91;359
71776;Jay and Nya's Race Car EVO;;
75322;Hoth™ AT-ST™;194.04;396
75334;Obi-Wan Kenobi™ vs. Darth Vader™;194.04;396
76211;tbd-LSH-Batch-C1-2022;;
76217;I am Groot;181.79;371
76398;Hogwarts™ Hospital Wing;177.87;363
76401;Hogwarts™ Courtyard: Sirius’s Rescue;176.89;361
76406;Hungarian Horntail Dragon;177.38;362
76832;XL-15 Spaceship;182.28;372
76944;T. rex Dinosaur Breakout;187.18;382
76947;Quetzalcoatlus Plane Ambush;;
76950;Triceratops Pickup Truck Ambush;177.38;362
76951;Pyroraptor & Dilophosaurus Transport;;
60320;Fire Station;195.51;399
10776;Mickey & Friends Fire Truck & Station;204.82;418
10942;Minnie’s House and Café;199.43;407
10947;Race Cars;185.71;379
11016;Creative Building Bricks;190.12;388
31117;Space Shuttle Adventure;210.4;258.95
41681;Forest Camper Van and Sailboat;186.2;380
41688;Magical Caravan;188.16;384
41701;Street Food Market;183.75;375
43195;Belle and Rapunzel's Royal Stables;200.9;410
60277;Police Patrol Boat;189.14;386
60291;Family House;189.14;386
60338;Smashing Chimpanzee Stunt Loop;198.45;405
71737;X-1 Ninja Charger;190.12;388
71747;The Keepers' Village;189.14;386
71753;Fire Dragon Attack;;
75305;Scout Trooper™ Helmet;;
75572;tbd-PT-IP-2-2021;;
76905;Ford GT Heritage Edition and Bronco R;199.92;408
10899;Frozen Ice Castle;204.82;418
75312;Boba Fett’s Starship™;203.35;415
80032;Chang’e Moon Cake Factory;;
10280;Flower Bouquet;190.12;388
10963;Spider-Man & Friends: Funfair Adventure;;
10979;Wild Animals of Europe;194.04;396
21057;Singapore;223.44;456
41708;Roller Disco Arcade;217.56;444
41720;Water Park;217.56;444
60349;Lunar Space Station;213.64;436
71360;Adventures with Mario Starter Course;439.5;879
71387;Adventures with Luigi Starter Course;218.05;445
76208;The Goat Boat;182.28;372
10874;Steam Train;240.59;491
21183;The Training Grounds;230.79;471
41718;Pet Day-Care Center;219.52;448
41961;Designer Toolkit - Patterns;;
43203;Aurora, Merida and Tiana’s Enchanted Creations;;
60316;Police Station;217.07;443
71738;Zane's Titan Mech Battle;231.28;472
71766;Lloyd’s Legendary Dragon;217.07;443
71772;The Crystal King;209.72;428
75325;The Mandalorian’s N-1 Starfighter™;229.81;469
76399;Hogwarts™ Magical Trunk;210.21;429
10929;Modular Playhouse;1370.25;1827
10934;Creative animals;212.66;434
11011;Bricks and Animals;212.66;434
21051;Tokyo;196.98;402
21169;The First Adventure;;
21173;The Sky Tower;243.04;496
41689;Magical Ferris Wheel and Slide;225.89;461
60282;Fire Command Unit;207.76;424
60294;Stunt Show Truck;242.06;494
60329;School Day;217.07;443
60347;Grocery Store;216.09;441
71400;Big Urchin Beach Ride Expansion Set;217.07;443
71403;tbd-LEAF-8-2022;;
75316;Mandalorian Starfighter™;243.53;497
76182;Batman™ Cowl;139.31;208.95
76199;Carnage;74.12;105
76238;Classic TV Series Batman™ Cowl;133.28;272
76904;Mopar Dodge//SRT Top Fuel Dragster and 1970 Dodge Challenger T/A;243.04;496
31207;Floral Art;265.09;541
41711;Emma's Art School;;
41713;Olivia's Space Academy;245.98;502
42107;Ducati Panigale V4 R;240.59;491
75327;Luke Skywalker™ (Red Five) Helmet;229.81;469
75328;The Mandalorian™ Helmet;229.81;469
75329;Death Star™ Trench Run Diorama;229.81;469
75343;Dark Trooper™ Helmet;229.81;469
76223;Nano Gauntlet;233.24;476
80037;Dragon of the East;;
10952;Barn, Tractor & Farm Animal Care;256.27;523
11717;Bricks Bricks Plates;273.91;559
41395;Friendship Bus;271.46;554
41449;Andrea's Family House;255.29;521
41682;Heartlake City School;255.29;521
41683;Forest Horseback Riding Center;255.78;522
41693;Surfer Beachfront;;
41709;Vacation Beach House;250.39;511
71407;tbd-LEAF-12-2022;;
71409;tbd-LEAF-14-2022;;
71748;Catamaran Sea Battle;261.17;533
75296;Darth Vader™ Meditation Chamber;;
75306;Imperial Probe Droid™;276.29;563.85
76155;In Arishem’s Shadow;273.91;559
76183;Batcave™: The Riddler™ Face-off;250.39;511
76187;Venom;243.04;496
76392;Hogwarts™ Wizard’s Chess;;
80033;Evil Macaque’s Mech;;
80108;Lunar New Year Traditions;;
10411;Learn about Chinese Culture;;
11022;Space Mission;292.04;596
21331;Sonic the Hedgehog™ – Green Hill Zone;265.58;542
41702;Canal Houseboat;275.87;563
41703;Friendship Tree House;292.04;596
60335;Train Station;119.2;149
71754;Water Dragon;259.7;530
71771;The Crystal King Temple;291.55;595
75304;Darth Vader™ Helmet;281.77;575.04
75338;Ambush on Ferrix™;;
75968;4 Privet Drive;295.47;603
10271;Fiat 500;;
21319;Central Perk;;
21328;Seinfeld;405.72;828
43206;Cinderella and Prince Charming's Castle;277.34;566
71401;Luigi’s Mansion™ Haunt-and-Seek Expansion Set;292.04;596
76175;Attack on the Spider Lair;318.01;649
42139;All-Terrain Vehicle;292.53;597
75318;The Child;243.53;497
75330;Dagobah™ Jedi™ Training Diorama;309.68;632
75339;Death Star™ Trash Compactor Diorama;229.81;469
76191;Infinity Gauntlet;272.93;557
76214;tbd-LSH-Batch-C3-2022;;
76216;Iron Man Armory;141.61;289
76388;Hogsmeade™ Village Visit;330.26;674
76402;Hogwarts™: Dumbledore’s Office;297.92;608
76407;The Shrieking Shack & Whomping Willow™;309.68;632
76989;Horizon Forbidden West: Tallneck;309.68;632
80034;Nezha’s Fire Ring;;
10266;NASA Apollo 11 Lunar Lander;;
10275;Elf Club House;;
10282;adidas Originals Superstar;339.57;693
10289;Bird of Paradise;109;124
10293;Santa’s Visit;341.53;697
10298;Vespa 125;;
10308;tbd-Icons-Seasonal-2022;;
10497;tbd-Icon-MDP2-2022;;
10970;Fire Station & Helicopter;323.4;660
10974;Wild Animals of Asia;354.76;724
11020;Build Together;367.01;749
21042;Statue of Liberty;423.36;864
21187;The Red Barn;388.57;793
21326;Winnie the Pooh;;
21334;tbd-Ideas-4-2022;;
31119;Ferris Wheel;342.51;699
31120;Medieval Castle;357.7;730
41714;Andrea's Theater School;;
41721;Organic Farm;309.68;632
41722;Horse Show Trailer;;
42127;THE BATMAN - BATMOBILE™;391.02;798
43205;Ultimate Adventure Castle;333.69;681
43207;Ariel's Underwater Palace;308.7;630
60302;Wildlife Rescue Operation;346.43;707
60317;Police Chase at the Bank;367.99;751
60321;Fire Brigade;367.5;750
60330;Hospital;341.53;697
60350;Lunar Research Base;;
71739;Ultra Sonic Raider;340.55;695
71765;Ninja Ultra Combo Mech;316.05;645
71767;Ninja Dojo Temple;367.01;749
71773;Kai’s Golden Dragon Raider;309.68;632
75326;Boba Fett's Throne Room;389.55;795
75335;BD-1™;367.01;749
75336;Inquisitor Transport Scythe™;385.14;786
75573;tbd-PT-IP-3-2021;;
75955;Hogwarts™ Express;347.41;709
75969;Hogwarts™ Astronomy Tower;396.9;810
76192;Avengers: Endgame Final Battle;357.7;730
76403;The Ministry of Magic™;366.03;747
76948;T. rex & Atrociraptor Dinosaur Breakout;352.8;720
76956;T. rex Breakout;387.1;790
10943;Happy Childhood Moments;;
41450;Heartlake City Shopping Mall;371.42;758
41684;Heartlake City Grand Hotel;372.4;760
41685;Magical Funfair Roller Coaster;337.12;688
60262;Passenger Airplane;346.43;707
60292;Town Center;380.73;777
60295;Stunt Show Arena;379.26;774
60307;Wildlife Rescue Camp;37.24;76
71391;Bowser’s Airship Expansion Set;399.35;815
75314;The Bad Batch™ Attack Shuttle;405.23;827
75948;Hogwarts™ Clock Tower;352.31;719
75980;Attack on the Burrow;430.71;879
76156;Rise of the Domo;399.35;815
80109;Lunar New Year Ice Festival;;
10948;Parking Garage and Car Wash;404.74;826
21054;The White House;346.43;707
80035;Monkie Kid's Galactic Explorer;;
80038;Monkie Kid’s Team Van;;
21056;Taj Mahal;400.33;817
21329;Fender® Stratocaster™;405.72;828
21336;tbd-ideas-6-2022;;
31132;Viking Ship and the Midgard Serpent;420.42;858
31205;Jim Lee Batman™ Collection;468.44;956
42111;Dom's Dodge Charger;;
42144;Material Handler;395.92;808
71775;Nya's Samurai X MECH;;
71755;Temple of the Endless Sea;422.38;862
10290;Pickup Truck;177.38;362
10875;Cargo Train;494.9;1010
10975;Wild Animals of the World;449.82;918
21188;The Llama Village;452.76;924
31109;Pirate Ship;395.43;807
76209;Thor's Hammer;443.94;906
76408;12 Grimmauld Place;475.79;971
21174;The Modern Treehouse;497.84;1016
21226;Art Project - Create Together;;
21324;123 Sesame Street;;
31201;Harry Potter™ Hogwarts™ Crests;501.27;1023
31202;Disney's Mickey Mouse;501.27;1023
31204;Elvis Presley “The King”;468.93;957
92176;LEGO® NASA Apollo Saturn V;460.99;940.8
10956;Amusement Park;384.65;785
71408;tbd-LEAF-13-2022;;
21058;Great Pyramid of Giza;28.99;48.99
75292;The Razor Crest™;569.38;1162
75337;tbd-IP-LSW-19-2022;;
76949;Giganotosaurus & Therizinosaurus Attack;505.19;1031
42124;Off-Road Buggy;500.78;1022
60197;Passenger Train;77.35;119
76393;Harry Potter™ & Hermione Granger™;503.23;1027
31206;The Rolling Stones;541.94;1106
41704;Main Street Building;505.19;1031
42140;App-Controlled Transformation Vehicle;514.5;1050
60337;Express Passenger Train;498.55;1017.45
60339;Double Loop Stunt Arena;514.01;1049
60351;Rocket Launch Center;518.42;1058
71756;Hydro Bounty;498.55;1017.45
71774;Lloyd’s Golden Ultra Dragon;503.23;1027
75574;tbd-PT-IP-4-2021;;
76389;Hogwarts™ Chamber of Secrets;553.21;1129
42126;Ford® F-150 Raptor;;
80036;The City of Lanterns;;
10265;Ford Mustang;43.24;56.54
10295;Porsche 911;156.46;198.45
10304;tbd-Icons-IP-Vehicle-2-2022;;
21333;Vincent van Gogh - The Starry Night;573.06;1169.5
75323;tbd-IP-LSW4-2022;;
76193;The Guardians’ Ship;560.56;1144
10279;Volkswagen T2 Camper Van;584.57;1193
10292;The Friends Apartments;559.58;1142
10302;Optimus Prime;585.06;1194
21325;Blacksmith;18.07;19.01
42128;Heavy-duty Tow Truck;563.01;1149
60336;Freight Train;644.84;1316
75315;Imperial Light Cruiser™;585.55;1195
17101;Creative Toolbox;653.17;1333
60198;Cargo Train;802.13;1637
43179;Mickey Mouse & Minnie Mouse Buildable Ch;;
10270;Bookshop;323.4;660
10278;Police Station;117.11;239
10283;NASA Space Shuttle Discovery;;
10300;Back to the Future Time Machine;624.75;1275
42096;Porsche 911 RSR;689.43;1407
42125;Ferrari 488 GTE “AF Corse #51”;665.91;1359
42141;McLaren Formula 1™ Race Car;650.23;1327
80039;The Heavenly Realms;;
42145;Airbus H175 Rescue Helicopter;;
43197;The Ice Castle;794.78;1622
71395;Super Mario 64™ Question Mark Block;;
42110;Land Rover Defender;788.9;1610
76161;1989 Batwing;;
10297;Boutique Hotel;;
21332;The Globe;;
10274;Ghostbusters™ ECTO-1;;
10306;tbd-Icons-IP-Games-1-2022;;
75308;R2-D2™;;
75341;Luke Skywalker’s Landspeeder™;765.07;1561.37
21327;Typewriter;405.72;828
21337;tbd-Ideas-7-2022;;
31203;World Map;;
42130;BMW M 1000 RR;781.06;1594
76218;tbd-LSH-17-2022;;
76240;Batmobile™ Tumbler;839.37;1713
71374;Nintendo Entertainment System™;841.82;1718
71411;tbd-LEAF-16-2022;;
10255;Assembly Square;255.94;341.25
10273;Haunted House;;
21330;Home Alone;18.9;40.95
21335;tbd-Ideas-5-2022;;
76391;Hogwarts™ Icons - Collectors' Edition;;
42129;App-Controlled 4x4 Mercedes-Benz Zetros Trial Truck;;
10272;Old Trafford - Manchester United;;
10284;Camp Nou – FC Barcelona;;
71741;NINJAGO® City Gardens;;
76178;Daily Bugle;;
76215;tbd-LSH-14-2022;;
51515;Robot Inventor;;
71040;The Disney Castle;281.53;346.5
10299;Real Madrid – Santiago Bernabéu Stadium;1335.74;2726
10303;Loop Coaster;;
10305;tbd-Icons-Special-1-2022;;
21323;Grand Piano;631.2;789
75290;Mos Eisley Cantina™;;
75309;Republic Gunship™;;
42115;Lamborghini Sián FKP 37;1430.31;2919
42143;Ferrari Daytona SP3;;
75978;Diagon Alley™;;
42083;Bugatti Chiron;109.33;124.95
42131;App-Controlled Cat® D11 Bulldozer;1670.41;3409
76405;tbd-HP-10-2022-D2C;;
71043;Hogwarts™ Castle;352.31;719
10276;Colosseum;7.48;11.5
76210;tbd-LSH-9-2022;;
75331;tbd-IP-LSW-13-2022;;
10294;Titanic;559.58;1142
10307;tbd-Icons-World-Buildings-1-2022;;
75192;Millennium Falcon™;152.47;381.17
75252;Imperial Star Destroyer™;;
75313;AT-AT™;;
42114;6x6 Volvo Articulated Hauler;990.78;2022
