product_number;product_name;discount_price;price
630;Brick Separator;96.0;129.0
41946;Extra DOTS – Series 6;13.0;19.0
41958;Extra DOTS Series 7 - SPORT;13.0;19.0
71032;Series 22;111.0;149.0
71033;The Muppets;36.0;49.0
71034;tbd-Minifigures-Series-23-2022;186.0;249.0
71402;Character Packs – Series 4;194.0;259.0
11006;Creative Blue Bricks;1199.0;0
11012;Creative White Bricks;186.0;249.0
41963;Mickey Mouse & Minnie Mouse Stitch-on Patch;107.0;179.0
41942;Into the Deep Bracelets with Charms;107.0;179.0
41943;Gamer Bracelet with Charms;20.0;29.0
41953;Rainbow Bracelet with Charms;107.0;179.0
41954;Adhesive Patch;107.0;179.0
41955;Stitch-on Patch;20.0;29.0
60296;Wheelie Stunt Bike;111.0;149.0
60297;Demolition Stunt Bike;21.0;29.0
60298;Rocket Stunt Bike;111.0;149.0
60309;Selfie Stunt Bike;374.0;499.0
60310;Chicken Stunt Bike;336.0;449.0
60311;Fire Stunt Bike;336.0;449.0
60331;Touring Stunt Bike;336.0;449.0
60332;Reckless Scorpion Stunt Bike;336.0;449.0
60333;Bathtub Stunt Bike;374.0;499.0
71410;tbd-LEAF-15-2022;194.0;259.0
11017;Creative Monsters;186.0;249.0
11023;Green Baseplate;965.0;1379.0
11025;Blue Baseplate;186.0;249.0
11026;White Baseplate;419.0;599.0
31111;Cyber Drone;74.0;99.0
31124;Super Robot;74.0;149.0
31128;Dolphin and Turtle;359.0;479.0
60312;Police Car;336.0;449.0
71761;Zane’s Power Up Mech EVO;674.0;899.0
10781;Miles Morales: Spider-Man’s Techno Trike;103.0;125.0
10964;Bath Time Fun: Floating Red Panda;1199.0;1599.0
10967;Police Motorcycle;139.0;149.0
10971;Wild Animals of Africa;103.0;125.0
21177;The Creeper™ Ambush;1199.0;0
41696;Pony-Washing Stable;74.0;99.0
41719;Mobile Fashion Boutique;246.0;329.0
42132;Motorcycle;74.0;149.0
42133;Telehandler;1199.0;0
43198;Anna’s Castle Courtyard;674.0;899.0
43199;Elsa’s Castle Courtyard;674.0;899.0
76212;tbd-LSH-12-2022;2599.0;0
88005;Light;374.0;499.0
10772;Mickey Mouse's Propeller Plane;103.0;125.0
10957;Fire Helicopter & Police Car;139.0;149.0
31100;Sports Car;965.0;1379.0
41439;Cat Grooming Car;107.0;179.0
41677;Forest Waterfall;261.0;349.0
41694;Pet Clinic Ambulance;33.0;45.0
41697;Turtle Protection Vehicle;33.0;45.0
60300;Wildlife Rescue ATV;1199.0;0
60318;Fire Helicopter;374.0;499.0
60322;Race Car;336.0;449.0
60323;Stunt Plane;194.0;259.0
60344;Chicken Henhouse;194.0;259.0
70688;Kai's Spinjitzu Ninja Training;186.0;249.0
70689;Lloyd's Spinjitzu Ninja Training;224.0;299.0
70690;Jay's Spinjitzu Ninja Training;261.0;349.0
71392;Frog Mario Power-Up Pack;36.0;49.0
71393;Bee Mario Power-Up Pack;36.0;49.0
71396;Bowser Jr.'s Clown Car Expansion Set;33.0;45.0
71404;tbd-LEAF-9-2022;194.0;259.0
71734;Kai's Blade Cycle;396.0;529.0
71757;Lloyd's Ninja Mech;396.0;529.0
75321;The Razor Crest™ Microfighter;33.0;45.0
76145;Eternals’ Aerial Assault;261.0;349.0
76202;Wolverine Mech Armor;2599.0;0
76203;Iron Man Mech Armor;2599.0;0
76204;Black Panther Mech Armor;33.0;45.0
31123;Off-road Buggy;965.0;1379.0
31125;Fantasy Forest Creatures;249.0;499.0
10980;LEGO® DUPLO® Green Building Plate;1199.0;1599.0
11024;Gray Baseplate;1199.0;1599.0
31058;Mighty Dinosaurs;13.0;19.0
41705;Heartlake City Pizzeria;246.0;329.0
43209;Elsa and the Nokk’s Ice Stable;674.0;899.0
76220;tbd-LSH-19-2022;2599.0;0
10692;LEGO® Creative Bricks;103.0;125.0
31112;Wild Lion;74.0;149.0
41443;Olivia's Electric Car;56.0;75.0
41944;Candy Kitty Bracelet & Bag Tag;107.0;179.0
41945;Neon Tiger Bracelet & Bag Tag;45.0;65.0
60326;Picnic in the park;194.0;259.0
76179;Batman™ & Selina Kyle™ Motorcycle Pursuit;674.0;899.0
11018;Creative Ocean Fun;186.0;249.0
31126;Supersonic-jet;419.0;599.0
31127;Street Racer;74.0;149.0
41715;Ice-Cream Truck;246.0;329.0
60283;Holiday Camper Van;69.0;99.0
60325;Cement Mixer Truck;194.0;259.0
71760;Jay’s Thunder Dragon EVO;674.0;899.0
10713;Creative Suitcase;109.0;0
10777;Mickey Mouse and Minnie Mouse's Camping Trip;103.0;125.0
10782;Hulk vs. Rhino Truck Showdown;103.0;125.0
10882;Train Tracks;103.0;125.0
10909;Heart Box;1199.0;0
10938;Dinosaur Nursery;139.0;149.0
10954;Number Train - Learn To Count;1199.0;1599.0
10960;Belle's Ballroom;1199.0;0
10965;Bath Time Fun: Floating Animal Train;139.0;149.0
10968;Doctor Visit;89.0;0
10972;Wild Animals of the Ocean;103.0;125.0
21178;The Fox Lodge;74.0;99.0
21179;The Mushroom House;674.0;899.0
41712;Recycling Truck;246.0;329.0
41948;Cute Banana Pen Holder;107.0;179.0
41950;Lots of DOTS – Lettering;118.0;169.0
41951;Message Board;107.0;179.0
41959;Cute Panda Tray;107.0;179.0
42134;Monster Jam™ Megalodon™;974.0;1299.0
42135;Monster Jam™ El Toro Loco™;54.0;109.0
60205;Tracks;374.0;499.0
60238;Switch Tracks;69.0;99.0
60287;Tractor;69.0;99.0
60304;Road Plates;374.0;499.0
60341;The Knockdown Stunt Challenge;194.0;259.0
60342;The Shark Attack Stunt Challenge;336.0;449.0
71768;Jay's Golden Dragon Motorbike;396.0;529.0
75320;Snowtrooper™ Battle Pack;674.0;899.0
76207;Attack on New Asgard;2599.0;0
76400;Hogwarts™ Carriage and Thestrals;2599.0;0
76830;Zyclops Chase;2599.0;0
76943;Pteranodon Chase;411.0;549.0
76945;Atrociraptor Dinosaur: Bike Chase;411.0;549.0
10773;Minnie Mouse's Ice Cream Shop;103.0;125.0
10774;Mickey Mouse & Minnie Mouse's Space Rocket;103.0;125.0
10945;Garbage Truck and Recycling;139.0;149.0
10955;Animal Train;139.0;149.0
11008;Bricks and Houses;1199.0;0
21158;The Panda Nursery;13.0;19.0
21171;The Horse Stable;74.0;99.0
31114;Superbike;359.0;479.0
41686;Magical Acrobatics;74.0;99.0
41695;Pet Clinic;66.0;89.0
41698;Pet Playground;66.0;89.0
41935;Lots of DOTS;107.0;179.0
41936;Pencil Holder;59.0;99.0
42118;Monster Jam™ Grave Digger™;974.0;1299.0
42119;Monster Jam™ Max-D™;674.0;899.0
43189;Elsa and the Nokk Storybook Adventures;674.0;899.0
43200;Antonio's Magical Door;54.0;109.0
43201;Isabela's Magical Door;54.0;109.0
60276;Police Prisoner Transport;674.0;899.0
60299;Stunt Competition;111.0;149.0
60340;The Blade Stunt Challenge;194.0;259.0
71740;Jay's Electro Mech;74.0;99.0
71745;Lloyd's Jungle Chopper Bike;396.0;529.0
71750;Lloyd's Hydro Mech;396.0;529.0
75310;Duel on Mandalore™;674.0;899.0
76154;Deviant Ambush!;374.0;499.0
76184;Spider-Man vs. Mysterio’s Drone Attack;33.0;45.0
76186;Black Panther Dragon Flyer;2599.0;0
76195;Spider-Man’s Drone Duel;674.0;899.0
76198;Spider-Man & Doctor Octopus Mech Battle;336.0;449.0
76219;Spider-Man & Green Goblin Mech Battle;2599.0;0
76900;Koenigsegg Jesko;2599.0;0
76901;Toyota GR Supra;2599.0;0
76902;McLaren Elva;2599.0;0
10872;Train Bridge and Tracks;103.0;125.0
10944;Space Shuttle Mission;1199.0;1599.0
21180;The Guardian Battle;74.0;99.0
21184;The Bakery;74.0;99.0
41960;Big Box;107.0;179.0
60352;LEGO® City Advent Calendar;336.0;449.0
76906;1970 Ferrari 512 M;2599.0;0
76907;Lotus Evija;2599.0;0
76908;Lamborghini Countach;2599.0;0
76911;007 Aston Martin DB5;2599.0;0
76912;Fast & Furious 1970 Dodge Charger R/T;2599.0;0
41706;LEGO® Friends Advent Calendar;246.0;329.0
41707;Tree-Planting Vehicle;246.0;329.0
60327;Horse Transporter;374.0;499.0
60343;Rescue Helicopter Transport;194.0;259.0
71035;The Muppets 6 pack;674.0;899.0
71036;tbd-Minifigures-Series-23-6-pack-2022;674.0;899.0
71397;Luigi’s Mansion™ Lab and Poltergust Expansion Set;81.0;109.0
71405;tbd-LEAF-10-2022;674.0;899.0
71762;Kai’s Fire Dragon EVO;111.0;149.0
71763;Lloyd’s Race Car EVO;396.0;529.0
10696;LEGO® Medium Creative Brick Box;224.0;299.0
10913;Brick Box;139.0;149.0
10969;Fire Truck;139.0;149.0
11013;Creative Transparent Bricks;186.0;249.0
11019;Bricks and Functions;186.0;249.0
21189;The Skeleton Dungeon;74.0;99.0
31130;Sunken Treasure Mission;965.0;1379.0
41699;Pet Adoption Café;74.0;99.0
41947;Mickey & Friends Bracelets Mega Pack;107.0;179.0
41957;Adhesive Patches Mega Pack;107.0;179.0
42136;John Deere 9620R 4WD Tractor;974.0;1299.0
60314;Ice Cream Truck Police Chase;336.0;449.0
60319;Fire Rescue & Police Chase;194.0;259.0
60353;Wild Animal Rescue Missions;374.0;499.0
60354;Mars Spacecraft Exploration Missions;374.0;499.0
60355;Water Police Detective Missions;374.0;499.0
71770;Zane's Golden Dragon Jet;396.0;529.0
76181;Batmobile™: The Penguin™ Chase;111.0;149.0
76225;tbd-LSH-24-2022;2599.0;0
76226;tbd-LSH-25-2022;2599.0;0
76230;tbd-LSH-31-2022;2599.0;0
10775;Mickey Mouse & Donald Duck's Farm;103.0;125.0
10778;Mickey, Minnie and Goofy's Fairground Fun;103.0;125.0
10783;Spider-Man at Doc Ock’s Lab;103.0;125.0
10915;Alphabet Truck;139.0;149.0
10939;T. rex and Triceratops Dinosaur Breakout;674.0;899.0
10940;Spider-Man Headquarters;139.0;149.0
10946;Family Camping Van Adventure;139.0;149.0
10951;Horse Stable and Pony Care;139.0;149.0
10961;Airplane & Airport;139.0;149.0
21168;The Warped Forest;164.0;219.0
21172;The Ruined Portal;74.0;99.0
31113;Race Car Transporter;965.0;1379.0
31116;Safari Wildlife Tree House;359.0;479.0
31121;Crocodile;74.0;99.0
31122;Fish Tank;74.0;149.0
41441;Horse Training and Trailer;111.0;149.0
41444;Heartlake City Organic Café;96.0;129.0
41679;Forest House;261.0;349.0
41687;Magical Funfair Stalls;111.0;149.0
41710;Surfer Beach Fun;246.0;329.0
41949;Bag Tags Mega Pack - Messaging;107.0;179.0
41956;Ice Cream Picture Frames & Bracelet;90.0;129.0
43193;Ariel, Belle, Cinderella and Tiana's Storybook Adventures;107.0;179.0
60293;Stunt Park;111.0;149.0
60305;Car Transporter;374.0;499.0
60328;Beach Lifeguard Station;194.0;259.0
60345;Farmers Market Van;194.0;259.0
71388;Boss Sumo Bro Topple Tower Expansion Set;111.0;149.0
71398;Dorrie’s Beachfront Expansion Set;96.0;129.0
71735;Tournament of Elements;396.0;529.0
75299;Trouble on Tatooine™;1349.0;1799.0
75319;The Armorer’s Mandalorian™ Forge;1349.0;1799.0
76201;Captain Carter & The Hydra Stomper;111.0;149.0
76205;Gargantos Showdown;2599.0;0
76385;Hogwarts™ Moment: Charms Class;674.0;899.0
76396;Hogwarts™ Moment: Divination Class;674.0;899.0
76397;Hogwarts™ Moment: Defence Class;674.0;899.0
10941;Mickey & Minnie Birthday Train;139.0;149.0
10962;Buzz Lightyear’s Planetary Mission;139.0;149.0
10976;Santa's Gingerbread House;103.0;125.0
21181;The Rabbit Ranch;74.0;99.0
21185;The Nether Bastion;74.0;99.0
43204;Anna and Olaf's Castle Fun;54.0;109.0
60348;Lunar Roving Vehicle;194.0;259.0
75324;Dark Trooper™ Attack;186.0;249.0
75332;tbd-IP-LSW14-2022;186.0;249.0
75333;Obi-Wan Kenobi’s Jedi Starfighter™;186.0;249.0
76213;tbd-LSH-Batch-C2-2022;2599.0;0
76831;Zurg Battle;111.0;149.0
76946;Blue & Beta Velociraptor Capture;2599.0;0
60315;Police Mobile Command Truck;374.0;499.0
60324;Mobile Crane;194.0;259.0
75340;tbd-IP-LSW22-2022-Advent-Calendar;186.0;249.0
76188;Batman™ Classic TV Series Batmobile™;224.0;299.0
76194;Tony Stark’s Sakaarian Iron Man;336.0;449.0
76231;tbd-LSH-Advent-Calendar-2022;2599.0;0
76404;tbd-HP-9-2022-Advent-Calendar;2599.0;0
21034;London;1199.0;0
41168;Elsa's Jewelry Box Creation;164.0;219.0
71406;tbd-LEAF-11-2022;261.0;349.0
75979;Hedwig™;411.0;549.0
10966;Bath Time Fun: Floating Animal Island;139.0;149.0
10977;My First Puppy & Kitten With Sounds;103.0;125.0
10978;Creative Building Time;103.0;125.0
21055;Burj Khalifa;2599.0;0
21176;The Jungle Abomination;74.0;99.0
31129;Majestic Tiger;74.0;149.0
31131;Downtown Noodle Shop;74.0;99.0
41393;Baking Competition;164.0;219.0
41700;Beach Glamping;126.0;169.0
41716;Stephanie's Sailing Adventure;246.0;329.0
41938;Creative Designer Box;107.0;179.0
41952;Big Message Board;118.0;169.0
41964;Mickey Mouse & Minnie Mouse Back-to-School Project Box;107.0;179.0
43192;Cinderella’s Royal Carriage;674.0;899.0
43194;Anna and Elsa's Frozen Wonderland;674.0;899.0
43208;Jasmine and Mulan’s Adventure;54.0;109.0
60308;Seaside Police and Fire Mission;336.0;449.0
60313;Space Ride Amusement Truck;336.0;449.0
71389;Lakitu Sky World Expansion Set;134.0;179.0
71399;Luigi’s Mansion™ Entryway Expansion Set;126.0;169.0
71736;Boulder Blaster;396.0;529.0
71746;Jungle Dragon;396.0;529.0
71749;Final Flight of Destiny's Bounty;396.0;529.0
71752;Ninja Sub Speeder;396.0;529.0
71759;Ninja Dragon Temple;396.0;529.0
71764;Ninja Training Center;396.0;529.0
71769;Cole’s Dragon Cruiser;396.0;529.0
75311;Imperial Armored Marauder;186.0;249.0
75342;Republic Fighter Tank™;186.0;249.0
75571;tbd-PT-IP-1-2021;415.0;499.0
76185;Spider-Man at the Sanctum Workshop;261.0;349.0
76190;Iron Man: Iron Monger Mayhem;2599.0;0
76206;Iron Man Figure;2599.0;0
76237;Sanctuary II: Endgame Battle;2599.0;0
76239;Batmobile™ Tumbler: Scarecrow™ Showdown;2599.0;0
76387;Hogwarts™: Fluffy Encounter;674.0;899.0
76394;Fawkes, Dumbledore’s Phoenix;674.0;899.0
76903;Chevrolet Corvette C8.R Race Car and 1969 Chevrolet Corvette;2599.0;0
76909;Mercedes-AMG F1 W12 E Performance & Mercedes-AMG Project One;2599.0;0
76910;Aston Martin Valkyrie AMR Pro and Aston Martin Vantage GT3;2599.0;0
80030;Monkie Kid’s Staff Creations;1199.0;0
80031;Mei’s Dragon Car;118.0;169.0
71412;tbd-LEAF-17-2022;111.0;149.0
10281;Bonsai Tree;1199.0;1599.0
10309;Succulents;1349.0;1799.0
10311;Orchid;139.0;149.0
10698;LEGO® Large Creative Brick Box;66.0;89.0
10780;Mickey and Friends Castle Defenders;103.0;125.0
10784;Spider-Man Webquarters Hangout;103.0;125.0
10914;Deluxe Brick Box;1199.0;1599.0
10959;Police Station & Helicopter;139.0;149.0
10973;Wild Animals of South America;103.0;125.0
11014;Bricks and Wheels;186.0;249.0
11015;Around the World;186.0;249.0
11021;90 Years of Play;449.0;599.0
21028;New York City;1199.0;1599.0
21044;Paris;674.0;899.0
21186;The Ice Castle;74.0;99.0
21190;The Abandoned Village;74.0;99.0
31118;Surfer Beach House;359.0;479.0
41717;Mia's Wildlife Rescue;246.0;329.0
41962;Unicorn Creative Family Pack;107.0;179.0
42122;Jeep® Wrangler;74.0;149.0
42123;McLaren Senna GTR™;54.0;109.0
42137;Formula E® Porsche 99X Electric;1199.0;0
42138;Ford Mustang Shelby® GT500®;974.0;1299.0
43202;The Madrigal House;54.0;109.0
60301;Wildlife Rescue Off-Roader;336.0;449.0
60346;Barn & Farm Animals;194.0;259.0
71776;Jay and Nya's Race Car EVO;396.0;529.0
75322;Hoth™ AT-ST™;186.0;249.0
75334;Obi-Wan Kenobi™ vs. Darth Vader™;186.0;249.0
76211;tbd-LSH-Batch-C1-2022;2599.0;0
76217;I am Groot;2599.0;0
76398;Hogwarts™ Hospital Wing;674.0;899.0
76401;Hogwarts™ Courtyard: Sirius’s Rescue;2599.0;0
76406;Hungarian Horntail Dragon;2599.0;0
76832;XL-15 Spaceship;111.0;149.0
76944;T. rex Dinosaur Breakout;411.0;549.0
76947;Quetzalcoatlus Plane Ambush;156.0;209.0
76950;Triceratops Pickup Truck Ambush;2599.0;0
76951;Pyroraptor & Dilophosaurus Transport;411.0;549.0
60320;Fire Station;336.0;449.0
10776;Mickey & Friends Fire Truck & Station;103.0;125.0
10942;Minnie’s House and Café;139.0;149.0
10947;Race Cars;139.0;149.0
11016;Creative Building Bricks;186.0;249.0
31117;Space Shuttle Adventure;74.0;99.0
41681;Forest Camper Van and Sailboat;261.0;349.0
41688;Magical Caravan;186.0;249.0
41701;Street Food Market;164.0;219.0
43195;Belle and Rapunzel's Royal Stables;186.0;249.0
60277;Police Patrol Boat;69.0;99.0
60291;Family House;111.0;149.0
60338;Smashing Chimpanzee Stunt Loop;336.0;449.0
71737;X-1 Ninja Charger;396.0;529.0
71747;The Keepers' Village;396.0;529.0
71753;Fire Dragon Attack;396.0;529.0
75305;Scout Trooper™ Helmet;186.0;249.0
75572;tbd-PT-IP-2-2021;415.0;499.0
76905;Ford GT Heritage Edition and Bronco R;2599.0;0
10899;Frozen Ice Castle;103.0;125.0
75312;Boba Fett’s Starship™;186.0;249.0
80032;Chang’e Moon Cake Factory;336.0;449.0
10280;Flower Bouquet;1199.0;1599.0
10963;Spider-Man & Friends: Funfair Adventure;139.0;149.0
10979;Wild Animals of Europe;103.0;125.0
21057;Singapore;1199.0;0
41708;Roller Disco Arcade;246.0;329.0
41720;Water Park;246.0;329.0
60349;Lunar Space Station;194.0;259.0
71360;Adventures with Mario Starter Course;674.0;899.0
71387;Adventures with Luigi Starter Course;674.0;899.0
76208;The Goat Boat;2599.0;0
10874;Steam Train;103.0;125.0
21183;The Training Grounds;74.0;99.0
41718;Pet Day-Care Center;246.0;329.0
41961;Designer Toolkit - Patterns;107.0;179.0
43203;Aurora, Merida and Tiana’s Enchanted Creations;54.0;109.0
60316;Police Station;336.0;449.0
71738;Zane's Titan Mech Battle;396.0;529.0
71766;Lloyd’s Legendary Dragon;396.0;529.0
71772;The Crystal King;396.0;529.0
75325;The Mandalorian’s N-1 Starfighter™;186.0;249.0
76399;Hogwarts™ Magical Trunk;674.0;899.0
10929;Modular Playhouse;139.0;149.0
10934;Creative animals;1199.0;1599.0
11011;Bricks and Animals;186.0;249.0
21051;Tokyo;374.0;499.0
21169;The First Adventure;74.0;99.0
21173;The Sky Tower;1199.0;0
41689;Magical Ferris Wheel and Slide;224.0;299.0
60282;Fire Command Unit;201.0;269.0
60294;Stunt Show Truck;224.0;299.0
60329;School Day;194.0;259.0
60347;Grocery Store;194.0;259.0
71400;Big Urchin Beach Ride Expansion Set;194.0;259.0
71403;tbd-LEAF-8-2022;965.0;1379.0
75316;Mandalorian Starfighter™;186.0;249.0
76182;Batman™ Cowl;336.0;449.0
76199;Carnage;336.0;449.0
76238;Classic TV Series Batman™ Cowl;224.0;299.0
76904;Mopar Dodge//SRT Top Fuel Dragster and 1970 Dodge Challenger T/A;2599.0;0
31207;Floral Art;209.0;299.0
41711;Emma's Art School;246.0;329.0
41713;Olivia's Space Academy;246.0;329.0
42107;Ducati Panigale V4 R;54.0;109.0
75327;Luke Skywalker™ (Red Five) Helmet;674.0;899.0
75328;The Mandalorian™ Helmet;186.0;249.0
75329;Death Star™ Trench Run Diorama;1349.0;1799.0
75343;Dark Trooper™ Helmet;186.0;249.0
76223;Nano Gauntlet;2599.0;0
80037;Dragon of the East;374.0;499.0
10952;Barn, Tractor & Farm Animal Care;139.0;149.0
11717;Bricks Bricks Plates;74.0;99.0
41395;Friendship Bus;284.0;379.0
41449;Andrea's Family House;261.0;349.0
41682;Heartlake City School;261.0;349.0
41683;Forest Horseback Riding Center;261.0;349.0
41693;Surfer Beachfront;261.0;349.0
41709;Vacation Beach House;224.0;299.0
71407;tbd-LEAF-12-2022;261.0;349.0
71409;tbd-LEAF-14-2022;1349.0;1799.0
71748;Catamaran Sea Battle;396.0;529.0
75296;Darth Vader™ Meditation Chamber;2599.0;0
75306;Imperial Probe Droid™;261.0;349.0
76155;In Arishem’s Shadow;261.0;349.0
76183;Batcave™: The Riddler™ Face-off;224.0;299.0
76187;Venom;674.0;899.0
76392;Hogwarts™ Wizard’s Chess;674.0;899.0
80033;Evil Macaque’s Mech;118.0;169.0
80108;Lunar New Year Traditions;224.0;299.0
10411;Learn about Chinese Culture;139.0;149.0
11022;Space Mission;23.0;39.0
21331;Sonic the Hedgehog™ – Green Hill Zone;1199.0;0
41702;Canal Houseboat;246.0;329.0
41703;Friendship Tree House;246.0;329.0
60335;Train Station;374.0;499.0
71754;Water Dragon;396.0;529.0
71771;The Crystal King Temple;396.0;529.0
75304;Darth Vader™ Helmet;186.0;249.0
75338;Ambush on Ferrix™;186.0;249.0
75968;4 Privet Drive;411.0;549.0
10271;Fiat 500;103.0;125.0
21319;Central Perk;1199.0;0
21328;Seinfeld;1199.0;0
43206;Cinderella and Prince Charming's Castle;2599.0;0
71401;Luigi’s Mansion™ Haunt-and-Seek Expansion Set;261.0;349.0
76175;Attack on the Spider Lair;396.0;529.0
42139;All-Terrain Vehicle;674.0;899.0
75318;The Child;186.0;249.0
75330;Dagobah™ Jedi™ Training Diorama;674.0;899.0
75339;Death Star™ Trash Compactor Diorama;1349.0;1799.0
76191;Infinity Gauntlet;336.0;449.0
76214;tbd-LSH-Batch-C3-2022;379.0;0
76216;Iron Man Armory;2599.0;0
76388;Hogsmeade™ Village Visit;111.0;149.0
76402;Hogwarts™: Dumbledore’s Office;2599.0;0
76407;The Shrieking Shack & Whomping Willow™;2599.0;0
76989;Horizon Forbidden West: Tallneck;449.0;599.0
80034;Nezha’s Fire Ring;118.0;169.0
10266;NASA Apollo 11 Lunar Lander;1199.0;1599.0
10275;Elf Club House;103.0;125.0
10282;adidas Originals Superstar;1199.0;1599.0
10289;Bird of Paradise;1199.0;1599.0
10293;Santa’s Visit;1199.0;1599.0
10298;Vespa 125;1199.0;1599.0
10308;tbd-Icons-Seasonal-2022;1199.0;0
10497;tbd-Icon-MDP2-2022;21.0;29.0
10970;Fire Station & Helicopter;103.0;125.0
10974;Wild Animals of Asia;103.0;125.0
11020;Build Together;1199.0;0
21042;Statue of Liberty;374.0;499.0
21187;The Red Barn;674.0;899.0
21326;Winnie the Pooh;1199.0;0
21334;tbd-Ideas-4-2022;1199.0;0
31119;Ferris Wheel;359.0;479.0
31120;Medieval Castle;965.0;1379.0
41714;Andrea's Theater School;246.0;329.0
41721;Organic Farm;246.0;329.0
41722;Horse Show Trailer;246.0;329.0
42127;THE BATMAN - BATMOBILE™;711.0;949.0
43205;Ultimate Adventure Castle;54.0;109.0
43207;Ariel's Underwater Palace;54.0;109.0
60302;Wildlife Rescue Operation;336.0;449.0
60317;Police Chase at the Bank;194.0;259.0
60321;Fire Brigade;194.0;259.0
60330;Hospital;336.0;449.0
60350;Lunar Research Base;336.0;449.0
71739;Ultra Sonic Raider;396.0;529.0
71765;Ninja Ultra Combo Mech;674.0;899.0
71767;Ninja Dojo Temple;674.0;899.0
71773;Kai’s Golden Dragon Raider;396.0;529.0
75326;Boba Fett's Throne Room;186.0;249.0
75335;BD-1™;186.0;249.0
75336;Inquisitor Transport Scythe™;186.0;249.0
75573;tbd-PT-IP-3-2021;415.0;499.0
75955;Hogwarts™ Express;411.0;549.0
75969;Hogwarts™ Astronomy Tower;411.0;549.0
76192;Avengers: Endgame Final Battle;336.0;449.0
76403;The Ministry of Magic™;2599.0;0
76948;T. rex & Atrociraptor Dinosaur Breakout;224.0;299.0
76956;T. rex Breakout;2599.0;0
10943;Happy Childhood Moments;139.0;149.0
41450;Heartlake City Shopping Mall;374.0;499.0
41684;Heartlake City Grand Hotel;374.0;499.0
41685;Magical Funfair Roller Coaster;336.0;449.0
60262;Passenger Airplane;201.0;269.0
60292;Town Center;374.0;499.0
60295;Stunt Show Arena;374.0;499.0
60307;Wildlife Rescue Camp;374.0;499.0
71391;Bowser’s Airship Expansion Set;374.0;499.0
75314;The Bad Batch™ Attack Shuttle;186.0;249.0
75948;Hogwarts™ Clock Tower;411.0;549.0
75980;Attack on the Burrow;449.0;599.0
76156;Rise of the Domo;374.0;499.0
80109;Lunar New Year Ice Festival;329.0;439.0
10948;Parking Garage and Car Wash;1199.0;1599.0
21054;The White House;374.0;499.0
80035;Monkie Kid's Galactic Explorer;118.0;169.0
80038;Monkie Kid’s Team Van;224.0;299.0
21056;Taj Mahal;374.0;499.0
21329;Fender® Stratocaster™;1199.0;0
21336;tbd-ideas-6-2022;1199.0;0
31132;Viking Ship and the Midgard Serpent;74.0;149.0
31205;Jim Lee Batman™ Collection;370.0;529.0
42111;Dom's Dodge Charger;974.0;1299.0
42144;Material Handler;974.0;1299.0
71775;Nya's Samurai X MECH;396.0;529.0
71755;Temple of the Endless Sea;396.0;529.0
10290;Pickup Truck;1199.0;1599.0
10875;Cargo Train;103.0;125.0
10975;Wild Animals of the World;103.0;125.0
21188;The Llama Village;74.0;99.0
31109;Pirate Ship;965.0;1379.0
76209;Thor's Hammer;2599.0;0
76408;12 Grimmauld Place;2599.0;0
21174;The Modern Treehouse;74.0;99.0
21226;Art Project - Create Together;419.0;599.0
21324;123 Sesame Street;1199.0;0
31201;Harry Potter™ Hogwarts™ Crests;449.0;599.0
31202;Disney's Mickey Mouse;449.0;599.0
31204;Elvis Presley “The King”;370.0;529.0
92176;LEGO® NASA Apollo Saturn V;111.0;149.0
10956;Amusement Park;139.0;149.0
71408;tbd-LEAF-13-2022;194.0;259.0
21058;Great Pyramid of Giza;619.0;0
75292;The Razor Crest™;1349.0;1799.0
75337;tbd-IP-LSW-19-2022;674.0;899.0
76949;Giganotosaurus & Therizinosaurus Attack;411.0;549.0
42124;Off-Road Buggy;974.0;1299.0
60197;Passenger Train;21.0;29.0
76393;Harry Potter™ & Hermione Granger™;449.0;599.0
31206;The Rolling Stones;461.0;659.0
41704;Main Street Building;246.0;329.0
42140;App-Controlled Transformation Vehicle;974.0;1299.0
60337;Express Passenger Train;1199.0;0
60339;Double Loop Stunt Arena;194.0;259.0
60351;Rocket Launch Center;336.0;449.0
71756;Hydro Bounty;396.0;529.0
71774;Lloyd’s Golden Ultra Dragon;396.0;529.0
75574;tbd-PT-IP-4-2021;415.0;499.0
76389;Hogwarts™ Chamber of Secrets;134.0;179.0
42126;Ford® F-150 Raptor;419.0;599.0
80036;The City of Lanterns;118.0;169.0
10265;Ford Mustang;1199.0;1599.0
10295;Porsche 911;1199.0;1599.0
10304;tbd-Icons-IP-Vehicle-2-2022;1199.0;1599.0
21333;Vincent van Gogh - The Starry Night;1199.0;0
75323;tbd-IP-LSW4-2022;186.0;249.0
76193;The Guardians’ Ship;336.0;449.0
10279;Volkswagen T2 Camper Van;103.0;125.0
10292;The Friends Apartments;1199.0;1599.0
10302;Optimus Prime;336.0;449.0
21325;Blacksmith;674.0;899.0
42128;Heavy-duty Tow Truck;974.0;1299.0
60336;Freight Train;336.0;449.0
75315;Imperial Light Cruiser™;186.0;249.0
17101;Creative Toolbox;261.0;349.0
60198;Cargo Train;711.0;949.0
43179;Mickey Mouse & Minnie Mouse Buildable Ch;674.0;899.0
10270;Bookshop;103.0;125.0
10278;Police Station;103.0;125.0
10283;NASA Space Shuttle Discovery;1199.0;1599.0
10300;Back to the Future Time Machine;1199.0;0
42096;Porsche 911 RSR;299.0;399.0
42125;Ferrari 488 GTE “AF Corse #51”;144.0;289.0
42141;McLaren Formula 1™ Race Car;974.0;1299.0
80039;The Heavenly Realms;329.0;439.0
42145;Airbus H175 Rescue Helicopter;54.0;109.0
43197;The Ice Castle;711.0;949.0
71395;Super Mario 64™ Question Mark Block;674.0;899.0
42110;Land Rover Defender;974.0;1299.0
76161;1989 Batwing;111.0;149.0
10297;Boutique Hotel;1199.0;1599.0
21332;The Globe;1199.0;0
10274;Ghostbusters™ ECTO-1;103.0;125.0
10306;tbd-Icons-IP-Games-1-2022;1199.0;0
75308;R2-D2™;186.0;249.0
75341;Luke Skywalker’s Landspeeder™;186.0;249.0
21327;Typewriter;1199.0;0
21337;tbd-Ideas-7-2022;1199.0;0
31203;World Map;965.0;1379.0
42130;BMW M 1000 RR;54.0;109.0
76218;tbd-LSH-17-2022;2599.0;0
76240;Batmobile™ Tumbler;2599.0;0
71374;Nintendo Entertainment System™;674.0;899.0
71411;tbd-LEAF-16-2022;261.0;349.0
10255;Assembly Square;1199.0;1599.0
10273;Haunted House;103.0;125.0
21330;Home Alone;1199.0;0
21335;tbd-Ideas-5-2022;1199.0;0
76391;Hogwarts™ Icons - Collectors' Edition;674.0;899.0
42129;App-Controlled 4x4 Mercedes-Benz Zetros Trial Truck;674.0;899.0
10272;Old Trafford - Manchester United;103.0;125.0
10284;Camp Nou – FC Barcelona;1199.0;1599.0
71741;NINJAGO® City Gardens;396.0;529.0
76178;Daily Bugle;111.0;149.0
76215;tbd-LSH-14-2022;2599.0;0
51515;Robot Inventor;186.0;249.0
71040;The Disney Castle;194.0;259.0
10299;Real Madrid – Santiago Bernabéu Stadium;1199.0;1599.0
10303;Loop Coaster;1199.0;0
10305;tbd-Icons-Special-1-2022;1199.0;0
21323;Grand Piano;1199.0;0
75290;Mos Eisley Cantina™;2599.0;0
75309;Republic Gunship™;1349.0;1799.0
42115;Lamborghini Sián FKP 37;144.0;289.0
42143;Ferrari Daytona SP3;54.0;109.0
75978;Diagon Alley™;411.0;549.0
42083;Bugatti Chiron;261.0;349.0
42131;App-Controlled Cat® D11 Bulldozer;144.0;289.0
76405;tbd-HP-10-2022-D2C;2599.0;0
71043;Hogwarts™ Castle;56.0;75.0
10276;Colosseum;103.0;125.0
76210;tbd-LSH-9-2022;2599.0;0
75331;tbd-IP-LSW-13-2022;186.0;249.0
10294;Titanic;1199.0;1599.0
10307;tbd-Icons-World-Buildings-1-2022;374.0;499.0
75192;Millennium Falcon™;336.0;449.0
75252;Imperial Star Destroyer™;411.0;549.0
75313;AT-AT™;186.0;249.0
42114;6x6 Volvo Articulated Hauler;974.0;1299.0
