product_number;product_name;discount_price;price
630;Brick Separator;10;19
42114;6x6 Volvo Articulated Hauler;1199;1599
75313;AT-AT™;0;4399
75252;Imperial Star Destroyer™;2100;3999
75192;Millennium Falcon™;2799;4299
10307;tbd-Icons-World-Buildings-1-2022;0;2999
10294;Titanic;0;3699
75331;tbd-IP-LSW-13-2022;0;3199
76210;tbd-LSH-9-2022;0;2799
10276;Colosseum;1949;2599
71043;Hogwarts™ Castle;0;2799
76405;tbd-HP-10-2022-D2C;0;2599
42131;App-Controlled Cat® D11 Bulldozer;1799;2399
42083;Bugatti Chiron;0;2499
75978;Diagon Alley™;1896;2529
42143;Ferrari Daytona SP3;0;2399
42115;Lamborghini Sián FKP 37;0;2129
75309;Republic Gunship™;1055;1799
75290;Mos Eisley Cantina™;0;1999
21323;Grand Piano;1499;1999
10305;tbd-Icons-Special-1-2022;0;1999
10303;Loop Coaster;0;2099
10299;Real Madrid – Santiago Bernabéu Stadium;0;1999
71040;The Disney Castle;1874;2499
51515;Robot Inventor;0;2499
76215;tbd-LSH-14-2022;0;1799
76178;Daily Bugle;0;1759
71741;NINJAGO® City Gardens;899;1599
10284;Camp Nou – FC Barcelona;959;1699
10272;Old Trafford - Manchester United;1229;1639
42129;App-Controlled 4x4 Mercedes-Benz Zetros Trial Truck;1199;1599
76391;Hogwarts™ Icons - Collectors' Edition;0;1399
21335;tbd-Ideas-5-2022;0;1749
21330;Home Alone;0;1499
10273;Haunted House;0;1499
10255;Assembly Square;1259;1799
71411;tbd-LEAF-16-2022;0;1319
71374;Nintendo Entertainment System™;0;1399
76240;Batmobile™ Tumbler;0;1299
76218;tbd-LSH-17-2022;0;1159
42130;BMW M 1000 RR;0;1159
31203;World Map;1049;1399
21337;tbd-Ideas-7-2022;0;1299
21327;Typewriter;0;1199
75341;Luke Skywalker’s Landspeeder™;0;1099
75308;R2-D2™;629;1099
10306;tbd-Icons-IP-Games-1-2022;0;1099
10274;Ghostbusters™ ECTO-1;0;1269
21332;The Globe;0;1199
10297;Boutique Hotel;0;1099
76161;1989 Batwing;0;1099
42110;Land Rover Defender;944;1259
71395;Super Mario 64™ Question Mark Block;825;1099
43197;The Ice Castle;599;1099
42145;Airbus H175 Rescue Helicopter;0;1199
42141;McLaren Formula 1™ Race Car;0;1059
42125;Ferrari 488 GTE “AF Corse #51”;0;999
42096;Porsche 911 RSR;0;1079
10300;Back to the Future Time Machine;0;959
10283;NASA Space Shuttle Discovery;815;1089
10278;Police Station;575;899
10270;Bookshop;749;999
43179;Mickey Mouse & Minnie Mouse Buildable Ch;749;999
60198;Cargo Train;944;1259
17101;Creative Toolbox;794;1059
75315;Imperial Light Cruiser™;499;829
60336;Freight Train;0;1059
42128;Heavy-duty Tow Truck;471;799
21325;Blacksmith;469;799
10302;Optimus Prime;0;939
10292;The Friends Apartments;674;899
10279;Volkswagen T2 Camper Van;569;859
76193;The Guardians’ Ship;501;669
75323;tbd-IP-LSW4-2022;0;809
21333;Vincent van Gogh - The Starry Night;0;959
10304;tbd-Icons-IP-Vehicle-2-2022;0;899
10295;Porsche 911;0;799
10265;Ford Mustang;0;899
42126;Ford® F-150 Raptor;579;899
76389;Hogwarts™ Chamber of Secrets;0;899
75574;tbd-PT-IP-4-2021;0;889
71774;Lloyd’s Golden Ultra Dragon;0;829
71756;Hydro Bounty;651;869
60351;Rocket Launch Center;0;769
60339;Double Loop Stunt Arena;0;829
60337;Express Passenger Train;0;869
42140;App-Controlled Transformation Vehicle;0;809
41704;Main Street Building;0;849
31206;The Rolling Stones;0;809
76393;Harry Potter™ & Hermione Granger™;599;799
60197;Passenger Train;569;759
76949;Giganotosaurus & Therizinosaurus Attack;0;809
75337;tbd-IP-LSW-19-2022;0;869
75292;The Razor Crest™;0;849
21058;Great Pyramid of Giza;0;879
71408;tbd-LEAF-13-2022;0;769
10956;Amusement Park;524;699
92176;LEGO® NASA Apollo Saturn V;561;749
31204;Elvis Presley “The King”;524;699
31202;Disney's Mickey Mouse;449;689
31201;Harry Potter™ Hogwarts™ Crests;449;689
21324;123 Sesame Street;524;699
21226;Art Project - Create Together;419;699
21174;The Modern Treehouse;0;799
76408;12 Grimmauld Place;0;779
76209;Thor's Hammer;576;769
31109;Pirate Ship;471;629
21188;The Llama Village;0;759
10975;Wild Animals of the World;0;689
10875;Cargo Train;0;779
10290;Pickup Truck;599;799
71755;Temple of the Endless Sea;494;659
71775;Nya's Samurai X MECH;0;649
42144;Material Handler;0;629
42111;Dom's Dodge Charger;449;599
31205;Jim Lee Batman™ Collection;0;699
31132;Viking Ship and the Midgard Serpent;0;589
21336;tbd-ideas-6-2022;0;629
21329;Fender® Stratocaster™;501;669
21056;Taj Mahal;0;629
21054;The White House;375;579
10948;Parking Garage and Car Wash;449;599
76156;Rise of the Domo;425;699
75980;Attack on the Burrow;524;699
75948;Hogwarts™ Clock Tower;426;569
75314;The Bad Batch™ Attack Shuttle;425;649
71391;Bowser’s Airship Expansion Set;339;639
60307;Wildlife Rescue Camp;449;599
60295;Stunt Show Arena;441;589
60292;Town Center;449;599
60262;Passenger Airplane;0;579
41685;Magical Funfair Roller Coaster;404;539
41684;Heartlake City Grand Hotel;449;599
41450;Heartlake City Shopping Mall;449;599
10943;Happy Childhood Moments;349;579
76956;T. rex Breakout;479;639
76948;T. rex & Atrociraptor Dinosaur Breakout;426;569
76403;The Ministry of Magic™;0;589
76192;Avengers: Endgame Final Battle;434;579
75969;Hogwarts™ Astronomy Tower;471;629
75955;Hogwarts™ Express;426;569
75573;tbd-PT-IP-3-2021;0;569
75336;Inquisitor Transport Scythe™;0;629
75335;BD-1™;0;569
71773;Kai’s Golden Dragon Raider;0;499
71767;Ninja Dojo Temple;449;599
71765;Ninja Ultra Combo Mech;0;499
71739;Ultra Sonic Raider;419;559
60350;Lunar Research Base;0;589
60330;Hospital;0;599
60321;Fire Brigade;426;569
60317;Police Chase at the Bank;449;599
60302;Wildlife Rescue Operation;299;539
43207;Ariel's Underwater Palace;0;499
43205;Ultimate Adventure Castle;0;589
42127;THE BATMAN - BATMOBILE™;0;629
41722;Horse Show Trailer;0;589
41721;Organic Farm;0;499
41714;Andrea's Theater School;0;589
31120;Medieval Castle;0;599
31119;Ferris Wheel;411;549
21334;tbd-Ideas-4-2022;0;599
21326;Winnie the Pooh;501;669
21187;The Red Barn;0;629
21042;Statue of Liberty;0;669
11020;Build Together;0;599
10974;Wild Animals of Asia;0;519
10970;Fire Station & Helicopter;0;519
10497;tbd-Icon-MDP2-2022;0;619
10308;tbd-Icons-Seasonal-2022;0;599
10298;Vespa 125;0;599
10293;Santa’s Visit;411;549
10289;Bird of Paradise;449;599
10282;adidas Originals Superstar;329;519
10275;Elf Club House;449;599
10266;NASA Apollo 11 Lunar Lander;434;579
76989;Horizon Forbidden West: Tallneck;0;499
76407;The Shrieking Shack & Whomping Willow™;351;469
76402;Hogwarts™: Dumbledore’s Office;0;469
76388;Hogsmeade™ Village Visit;0;539
76216;Iron Man Armory;0;469
76214;tbd-LSH-Batch-C3-2022;0;469
76191;Infinity Gauntlet;0;459
75339;Death Star™ Trash Compactor Diorama;0;569
75330;Dagobah™ Jedi™ Training Diorama;374;499
75318;The Child;0;479
42139;All-Terrain Vehicle;351;469
76175;Attack on the Spider Lair;389;519
71401;Luigi’s Mansion™ Haunt-and-Seek Expansion Set;305;469
43206;Cinderella and Prince Charming's Castle;0;449
21328;Seinfeld;396;529
21319;Central Perk;0;439
10271;Fiat 500;411;549
75968;4 Privet Drive;0;479
75338;Ambush on Ferrix™;0;429
75304;Darth Vader™ Helmet;0;439
71771;The Crystal King Temple;0;449
71754;Water Dragon;0;419
60335;Train Station;0;469
41703;Friendship Tree House;0;459
41702;Canal Houseboat;329;439
21331;Sonic the Hedgehog™ – Green Hill Zone;0;429
11022;Space Mission;0;469
76392;Hogwarts™ Wizard’s Chess;0;459
76187;Venom;0;399
76183;Batcave™: The Riddler™ Face-off;0;399
76155;In Arishem’s Shadow;219;399
75306;Imperial Probe Droid™;239;439
75296;Darth Vader™ Meditation Chamber;295;449
71748;Catamaran Sea Battle;279;409
71409;tbd-LEAF-14-2022;269;359
71407;tbd-LEAF-12-2022;306;409
41709;Vacation Beach House;306;409
41693;Surfer Beachfront;314;419
41683;Forest Horseback Riding Center;269;419
41682;Heartlake City School;314;419
41449;Andrea's Family House;314;419
41395;Friendship Bus;329;439
11717;Bricks Bricks Plates;0;439
10952;Barn, Tractor & Farm Animal Care;306;409
76223;Nano Gauntlet;0;349
75343;Dark Trooper™ Helmet;0;369
75329;Death Star™ Trench Run Diorama;277;369
75328;The Mandalorian™ Helmet;0;369
75327;Luke Skywalker™ (Red Five) Helmet;0;369
42107;Ducati Panigale V4 R;284;379
41713;Olivia's Space Academy;0;409
41711;Emma's Art School;0;349
31207;Floral Art;0;429
76904;Mopar Dodge//SRT Top Fuel Dragster and 1970 Dodge Challenger T/A;299;399
76238;Classic TV Series Batman™ Cowl;299;399
76199;Carnage;299;399
76182;Batman™ Cowl;0;399
75316;Mandalorian Starfighter™;235;389
71403;tbd-LEAF-8-2022;0;349
71400;Big Urchin Beach Ride Expansion Set;199;349
60347;Grocery Store;262;349
60329;School Day;0;339
60294;Stunt Show Truck;219;389
60282;Fire Command Unit;254;339
41689;Magical Ferris Wheel and Slide;277;369
21173;The Sky Tower;0;399
21169;The First Adventure;0;349
21051;Tokyo;284;379
11011;Bricks and Animals;0;359
10934;Creative animals;0;349
10929;Modular Playhouse;284;379
76399;Hogwarts™ Magical Trunk;0;359
75325;The Mandalorian’s N-1 Starfighter™;0;429
71772;The Crystal King;0;349
71766;Lloyd’s Legendary Dragon;0;349
71738;Zane's Titan Mech Battle;0;379
60316;Police Station;0;359
43203;Aurora, Merida and Tiana’s Enchanted Creations;0;359
41961;Designer Toolkit - Patterns;0;369
41718;Pet Day-Care Center;0;389
21183;The Training Grounds;0;359
10874;Steam Train;0;389
76208;The Goat Boat;0;299
71387;Adventures with Luigi Starter Course;291;389
71360;Adventures with Mario Starter Course;0;359
60349;Lunar Space Station;262;349
41720;Water Park;0;299
41708;Roller Disco Arcade;262;349
21057;Singapore;0;369
10979;Wild Animals of Europe;0;339
10963;Spider-Man & Friends: Funfair Adventure;0;289
10280;Flower Bouquet;0;299
75312;Boba Fett’s Starship™;0;319
10899;Frozen Ice Castle;0;319
76905;Ford GT Heritage Edition and Bronco R;247;329
75572;tbd-PT-IP-2-2021;0;319
75305;Scout Trooper™ Helmet;0;289
71753;Fire Dragon Attack;0;299
71747;The Keepers' Village;224;299
71737;X-1 Ninja Charger;0;319
60338;Smashing Chimpanzee Stunt Loop;0;299
60291;Family House;0;299
60277;Police Patrol Boat;224;299
43195;Belle and Rapunzel's Royal Stables;219;319
41701;Street Food Market;217;289
41688;Magical Caravan;195;299
41681;Forest Camper Van and Sailboat;224;299
31117;Space Shuttle Adventure;0;309
11016;Creative Building Bricks;224;299
10947;Race Cars;0;299
10942;Minnie’s House and Café;0;319
10776;Mickey & Friends Fire Truck & Station;0;329
60320;Fire Station;0;339
76951;Pyroraptor & Dilophosaurus Transport;217;289
76950;Triceratops Pickup Truck Ambush;217;289
76947;Quetzalcoatlus Plane Ambush;0;319
76944;T. rex Dinosaur Breakout;0;319
76832;XL-15 Spaceship;0;319
76406;Hungarian Horntail Dragon;0;299
76401;Hogwarts™ Courtyard: Sirius’s Rescue;0;289
76398;Hogwarts™ Hospital Wing;224;299
76217;I am Groot;0;299
76211;tbd-LSH-Batch-C1-2022;0;299
75334;Obi-Wan Kenobi™ vs. Darth Vader™;0;319
75322;Hoth™ AT-ST™;239;319
71776;Jay and Nya's Race Car EVO;0;299
60346;Barn & Farm Animals;0;299
60301;Wildlife Rescue Off-Roader;202;269
43202;The Madrigal House;0;319
42138;Ford Mustang Shelby® GT500®;0;319
42137;Formula E® Porsche 99X Electric;0;319
42123;McLaren Senna GTR™;0;299
42122;Jeep® Wrangler;0;299
41962;Unicorn Creative Family Pack;0;319
41717;Mia's Wildlife Rescue;0;299
31118;Surfer Beach House;224;299
21190;The Abandoned Village;0;299
21186;The Ice Castle;0;319
21044;Paris;0;319
21028;New York City;0;319
11021;90 Years of Play;0;299
11015;Around the World;0;299
11014;Bricks and Wheels;0;299
10973;Wild Animals of South America;0;289
10959;Police Station & Helicopter;0;289
10914;Deluxe Brick Box;0;289
10784;Spider-Man Webquarters Hangout;0;299
10780;Mickey and Friends Castle Defenders;0;299
10698;LEGO® Large Creative Brick Box;202;269
10311;Orchid;0;309
10309;Succulents;0;309
10281;Bonsai Tree;0;299
71412;tbd-LEAF-17-2022;172;229
76910;Aston Martin Valkyrie AMR Pro and Aston Martin Vantage GT3;0;219
76909;Mercedes-AMG F1 W12 E Performance & Mercedes-AMG Project One;0;219
76903;Chevrolet Corvette C8.R Race Car and 1969 Chevrolet Corvette;0;229
76394;Fawkes, Dumbledore’s Phoenix;0;239
76387;Hogwarts™: Fluffy Encounter;0;239
76239;Batmobile™ Tumbler: Scarecrow™ Showdown;0;239
76237;Sanctuary II: Endgame Battle;0;229
76206;Iron Man Figure;0;229
76190;Iron Man: Iron Monger Mayhem;0;229
76185;Spider-Man at the Sanctum Workshop;0;229
75571;tbd-PT-IP-1-2021;0;239
75342;Republic Fighter Tank™;0;249
75311;Imperial Armored Marauder;149;229
71769;Cole’s Dragon Cruiser;0;229
71764;Ninja Training Center;0;229
71759;Ninja Dragon Temple;0;229
71752;Ninja Sub Speeder;164;219
71749;Final Flight of Destiny's Bounty;0;219
71746;Jungle Dragon;0;219
71736;Boulder Blaster;0;219
71399;Luigi’s Mansion™ Entryway Expansion Set;159;229
71389;Lakitu Sky World Expansion Set;125;229
60313;Space Ride Amusement Truck;0;229
60308;Seaside Police and Fire Mission;0;219
43208;Jasmine and Mulan’s Adventure;0;239
43194;Anna and Elsa's Frozen Wonderland;0;239
43192;Cinderella’s Royal Carriage;0;229
41964;Mickey Mouse & Minnie Mouse Back-to-School Project Box;0;249
41952;Big Message Board;187;249
41938;Creative Designer Box;157;209
41716;Stephanie's Sailing Adventure;0;229
41700;Beach Glamping;164;219
41393;Baking Competition;155;259
31131;Downtown Noodle Shop;0;229
31129;Majestic Tiger;0;299
21176;The Jungle Abomination;0;239
10978;Creative Building Time;0;219
10977;My First Puppy & Kitten With Sounds;0;219
10966;Bath Time Fun: Floating Animal Island;0;219
75979;Hedwig™;0;269
71406;tbd-LEAF-11-2022;134;179
41168;Elsa's Jewelry Box Creation;194;259
21034;London;202;269
76404;tbd-HP-9-2022-Advent-Calendar;0;219
76231;tbd-LSH-Advent-Calendar-2022;149;199
76194;Tony Stark’s Sakaarian Iron Man;0;219
76188;Batman™ Classic TV Series Batmobile™;0;219
60324;Mobile Crane;0;219
60315;Police Mobile Command Truck;0;229
76946;Blue & Beta Velociraptor Capture;0;189
76831;Zurg Battle;0;189
76213;tbd-LSH-Batch-C2-2022;0;179
75333;Obi-Wan Kenobi’s Jedi Starfighter™;0;189
75332;tbd-IP-LSW14-2022;0;189
60348;Lunar Roving Vehicle;0;179
43204;Anna and Olaf's Castle Fun;0;179
21185;The Nether Bastion;0;199
21181;The Rabbit Ranch;0;199
10976;Santa's Gingerbread House;0;179
10962;Buzz Lightyear’s Planetary Mission;0;169
10941;Mickey & Minnie Birthday Train;0;199
76397;Hogwarts™ Moment: Defence Class;0;189
76396;Hogwarts™ Moment: Divination Class;0;189
76205;Gargantos Showdown;134;179
76201;Captain Carter & The Hydra Stomper;129;199
75319;The Armorer’s Mandalorian™ Forge;0;199
75299;Trouble on Tatooine™;0;199
71735;Tournament of Elements;0;179
71398;Dorrie’s Beachfront Expansion Set;99;179
71388;Boss Sumo Bro Topple Tower Expansion Set;109;189
60345;Farmers Market Van;134;179
60328;Beach Lifeguard Station;0;179
60305;Car Transporter;119;159
60293;Stunt Park;134;179
43193;Ariel, Belle, Cinderella and Tiana's Storybook Adventures;0;149
41956;Ice Cream Picture Frames & Bracelet;142;189
41949;Bag Tags Mega Pack - Messaging;142;189
41710;Surfer Beach Fun;0;179
41687;Magical Funfair Stalls;149;199
41679;Forest House;0;199
41444;Heartlake City Organic Café;119;159
41441;Horse Training and Trailer;142;189
31122;Fish Tank;0;179
31121;Crocodile;0;179
31116;Safari Wildlife Tree House;0;169
31113;Race Car Transporter;0;149
21172;The Ruined Portal;0;199
21168;The Warped Forest;0;199
10961;Airplane & Airport;0;149
10951;Horse Stable and Pony Care;0;149
10946;Family Camping Van Adventure;112;149
10940;Spider-Man Headquarters;0;199
10939;T. rex and Triceratops Dinosaur Breakout;149;199
10915;Alphabet Truck;0;199
10783;Spider-Man at Doc Ock’s Lab;0;179
10778;Mickey, Minnie and Goofy's Fairground Fun;0;179
10775;Mickey Mouse & Donald Duck's Farm;0;199
76230;tbd-LSH-31-2022;0;179
76226;tbd-LSH-25-2022;0;179
76225;tbd-LSH-24-2022;0;179
76181;Batmobile™: The Penguin™ Chase;0;179
71770;Zane's Golden Dragon Jet;0;179
60355;Water Police Detective Missions;0;179
60354;Mars Spacecraft Exploration Missions;0;179
60353;Wild Animal Rescue Missions;0;179
60319;Fire Rescue & Police Chase;0;169
60314;Ice Cream Truck Police Chase;0;179
42136;John Deere 9620R 4WD Tractor;0;189
41957;Adhesive Patches Mega Pack;0;189
41947;Mickey & Friends Bracelets Mega Pack;0;189
41699;Pet Adoption Café;0;179
31130;Sunken Treasure Mission;0;179
21189;The Skeleton Dungeon;0;189
11019;Bricks and Functions;0;179
11013;Creative Transparent Bricks;0;149
10969;Fire Truck;0;169
10913;Brick Box;0;199
71763;Lloyd’s Race Car EVO;0;179
71762;Kai’s Fire Dragon EVO;0;179
71405;tbd-LEAF-10-2022;112;149
71397;Luigi’s Mansion™ Lab and Poltergust Expansion Set;112;149
71035;The Muppets 6 pack;99;159
60343;Rescue Helicopter Transport;0;169
60327;Horse Transporter;0;169
41707;Tree-Planting Vehicle;0;189
41706;LEGO® Friends Advent Calendar;0;149
76912;Fast & Furious 1970 Dodge Charger R/T;0;119
76911;007 Aston Martin DB5;0;119
76908;Lamborghini Countach;0;119
76907;Lotus Evija;0;119
76906;1970 Ferrari 512 M;0;119
60352;LEGO® City Advent Calendar;0;139
41960;Big Box;0;159
21184;The Bakery;0;149
21180;The Guardian Battle;112;149
10944;Space Shuttle Mission;0;129
10872;Train Bridge and Tracks;112;149
76902;McLaren Elva;0;129
76901;Toyota GR Supra;0;129
76900;Koenigsegg Jesko;0;129
76219;Spider-Man & Green Goblin Mech Battle;0;129
76198;Spider-Man & Doctor Octopus Mech Battle;0;129
76195;Spider-Man’s Drone Duel;0;129
76186;Black Panther Dragon Flyer;0;129
76184;Spider-Man vs. Mysterio’s Drone Attack;97;129
76154;Deviant Ambush!;104;139
75310;Duel on Mandalore™;89;129
71750;Lloyd's Hydro Mech;0;129
71745;Lloyd's Jungle Chopper Bike;0;119
71740;Jay's Electro Mech;0;129
60340;The Blade Stunt Challenge;0;119
60299;Stunt Competition;0;99
60276;Police Prisoner Transport;97;129
43201;Isabela's Magical Door;0;109
43200;Antonio's Magical Door;0;109
43189;Elsa and the Nokk Storybook Adventures;0;109
42119;Monster Jam™ Max-D™;0;129
42118;Monster Jam™ Grave Digger™;97;129
41936;Pencil Holder;89;119
41935;Lots of DOTS;75;119
41698;Pet Playground;0;119
41695;Pet Clinic;0;119
41686;Magical Acrobatics;0;129
31114;Superbike;0;99
21171;The Horse Stable;0;129
11008;Bricks and Houses;97;129
10955;Animal Train;0;129
10945;Garbage Truck and Recycling;0;129
10774;Mickey Mouse & Minnie Mouse's Space Rocket;89;119
10773;Minnie Mouse's Ice Cream Shop;0;119
76945;Atrociraptor Dinosaur: Bike Chase;0;129
76943;Pteranodon Chase;0;129
76830;Zyclops Chase;0;129
76400;Hogwarts™ Carriage and Thestrals;0;119
76207;Attack on New Asgard;0;119
75320;Snowtrooper™ Battle Pack;0;129
71768;Jay's Golden Dragon Motorbike;0;119
60342;The Shark Attack Stunt Challenge;0;119
60341;The Knockdown Stunt Challenge;0;119
60304;Road Plates;97;129
60287;Tractor;0;129
60238;Switch Tracks;89;119
60205;Tracks;89;119
42135;Monster Jam™ El Toro Loco™;0;129
42134;Monster Jam™ Megalodon™;0;129
41959;Cute Panda Tray;0;129
41951;Message Board;0;129
41950;Lots of DOTS – Lettering;97;129
41948;Cute Banana Pen Holder;97;129
41712;Recycling Truck;0;119
21179;The Mushroom House;0;129
21178;The Fox Lodge;97;129
10972;Wild Animals of the Ocean;0;119
10968;Doctor Visit;0;119
10965;Bath Time Fun: Floating Animal Train;0;119
10960;Belle's Ballroom;0;119
10954;Number Train - Learn To Count;0;109
10938;Dinosaur Nursery;0;119
10909;Heart Box;89;119
10882;Train Tracks;0;129
10782;Hulk vs. Rhino Truck Showdown;0;119
10777;Mickey Mouse and Minnie Mouse's Camping Trip;0;119
10713;Creative Suitcase;97;129
71760;Jay’s Thunder Dragon EVO;0;119
60325;Cement Mixer Truck;0;119
60283;Holiday Camper Van;0;99
41715;Ice-Cream Truck;0;119
31127;Street Racer;0;119
31126;Supersonic-jet;0;119
11018;Creative Ocean Fun;0;129
76179;Batman™ & Selina Kyle™ Motorcycle Pursuit;0;89
60326;Picnic in the park;0;89
41945;Neon Tiger Bracelet & Bag Tag;0;89
41944;Candy Kitty Bracelet & Bag Tag;0;89
41443;Olivia's Electric Car;0;99
31112;Wild Lion;0;99
10692;LEGO® Creative Bricks;0;119
76220;tbd-LSH-19-2022;0;89
43209;Elsa and the Nokk’s Ice Stable;0;89
41705;Heartlake City Pizzeria;0;89
31058;Mighty Dinosaurs;0;99
11024;Gray Baseplate;0;89
10980;LEGO® DUPLO® Green Building Plate;0;89
31125;Fantasy Forest Creatures;0;89
31123;Off-road Buggy;0;89
76204;Black Panther Mech Armor;0;69
76203;Iron Man Mech Armor;0;69
76202;Wolverine Mech Armor;0;69
76145;Eternals’ Aerial Assault;52;69
75321;The Razor Crest™ Microfighter;0;69
71757;Lloyd's Ninja Mech;0;69
71734;Kai's Blade Cycle;0;69
71404;tbd-LEAF-9-2022;52;69
71396;Bowser Jr.'s Clown Car Expansion Set;52;69
71393;Bee Mario Power-Up Pack;35;69
71392;Frog Mario Power-Up Pack;35;69
70690;Jay's Spinjitzu Ninja Training;0;69
70689;Lloyd's Spinjitzu Ninja Training;0;69
70688;Kai's Spinjitzu Ninja Training;0;69
60344;Chicken Henhouse;0;69
60323;Stunt Plane;0;69
60322;Race Car;0;69
60318;Fire Helicopter;0;69
60300;Wildlife Rescue ATV;0;69
41697;Turtle Protection Vehicle;0;69
41694;Pet Clinic Ambulance;0;69
41677;Forest Waterfall;0;69
41439;Cat Grooming Car;0;69
31100;Sports Car;0;69
10957;Fire Helicopter & Police Car;0;69
10772;Mickey Mouse's Propeller Plane;0;69
76212;tbd-LSH-12-2022;0;69
43199;Elsa’s Castle Courtyard;0;69
43198;Anna’s Castle Courtyard;0;69
42133;Telehandler;0;69
42132;Motorcycle;0;69
41719;Mobile Fashion Boutique;0;69
41696;Pony-Washing Stable;0;59
21177;The Creeper™ Ambush;0;69
10971;Wild Animals of Africa;0;69
10967;Police Motorcycle;0;69
10964;Bath Time Fun: Floating Red Panda;0;69
10781;Miles Morales: Spider-Man’s Techno Trike;0;69
71761;Zane’s Power Up Mech EVO;0;69
60312;Police Car;0;69
31128;Dolphin and Turtle;0;69
31124;Super Robot;0;69
31111;Cyber Drone;0;69
11026;White Baseplate;0;59
11025;Blue Baseplate;0;59
11023;Green Baseplate;0;59
71410;tbd-LEAF-15-2022;0;39
60333;Bathtub Stunt Bike;0;39
60332;Reckless Scorpion Stunt Bike;0;39
60331;Touring Stunt Bike;0;39
60311;Fire Stunt Bike;30;39
60310;Chicken Stunt Bike;0;39
60309;Selfie Stunt Bike;0;39
60298;Rocket Stunt Bike;0;39
60297;Demolition Stunt Bike;0;39
60296;Wheelie Stunt Bike;0;39
41955;Stitch-on Patch;37;49
41954;Adhesive Patch;37;49
41953;Rainbow Bracelet with Charms;0;39
41943;Gamer Bracelet with Charms;0;39
41942;Into the Deep Bracelets with Charms;0;39
41963;Mickey Mouse & Minnie Mouse Stitch-on Patch;0;49
11012;Creative White Bricks;30;39
11006;Creative Blue Bricks;30;39
71402;Character Packs – Series 4;0;29
71034;tbd-Minifigures-Series-23-2022;0;159
71033;The Muppets;0;29
71032;Series 22;0;29
41958;Extra DOTS Series 7 - SPORT;0;29
41946;Extra DOTS – Series 6;22;29
